element,kanjilist
⺌,梢嘗峭絖滉当晄輝档恍宵當逍嫦洸悄廠晃瞠光鞘蟐肖敞幌甞裳趙消償掌蛸襠霄螳硝幤棠胱削賞礑儻淌耀銷厰常鐺誚尚蟷党堂鮹鎖黨稍
⺍,巌誉獣単蛍脳悩褝挙禅図鴬剿弾鼡栄珱戦猟巣樔蝋蝉労覚箪畄桜営騨勦撹厳学
⺕,肆褄晝畫箒淨君簫肇龝艝肅伊筝筆当律睫葎贐档帰肄簾龜糠鍵桾箏禄静瀞彗妻悽瀟争兼壗糖鬮駸掃裙剥燼隠蕁健賺書潯繍寢寝緑急唐嫌棲崢錚傭隸歉穩康粛庚慊鱇穏隶膤慷蕭隷歸庸録轌笋棣慵儘捷塘腱濂鱈窘夛廉婦萋隱劃慧浸浄侵羣鎌聿事爭溏縁靜亊凄嘯秉諍雪菷蒹郡逮津淒建群盡尋靆尹帚謙
⺗,添忝慕恭
⺤,綏淨瞹瞬乳桴鷄綵稲孚俘靉蜉醤稱蹈箏蒋瀞暖艀溪稻奚湲鶏彩菜奨隠浮遥媛辭崢錚渓穩瑶曖穏蕣餒緩授嚼韜採覓滔殍谿霪隱譌埓受婬舜埒蹊謡僞采孵援爭愛妥煖靜揺爵諍亂郛爰将爲淫綬
⺦,醤蒋壮奨寝荘状装将
⺨,狼狩獺獵嶽狷獰逖狽獪狙獲猩猜猛蕕猖犯潴猗猊犹猝猟猴猯狎狃狂猶狄猾猪猥犲狆荻猫猿獗狛狠狡獏獨狗狢狭獅狒獄誑狹独狸狐
⻌,逐逸速追述逝逆逓迩逃通縫途退透送迷遥蓮避髄遠遼遵巡遷遣遺遮遭迅還遊道遇選運遅随辺迎違適達遂遍過込鑓週迪近進迫導鎚返逮連造迭
⻏,祁都廓槨部郵饗郷鄒嚮邸廊螂邦邪那響瑯邯耶鄂榔邱鄲鄰擲郊鄙郎鄭郁邵邨蔀爺躑梛郤揶娜郡郛郭郢椰
⻖,嶐阨蔭橢薩隣婀陵隈窿険隠陷陣痾院陶隙陲陦陽陪陳隘陥陬墜隧陰險除隍陜陀陛陏隗階障隕降陂隨隴隔随際隋陞隰墮隱陝隅隊附限陋陸陟隲陌隆阮阡阯阻阿阪堕防
マ,務羚聆桶袤橘鞣零嶺嶷通誦抒柔予豫鶩湧苓糅樋擬慂鷸踊序鯒辭澪蛹礙楙懋癡蕷勇譎舒怜甬令揉凝霧矜矛涌杼痛踴蛉預俑疑茅玲鈴亂伶蹂囹冷
㐬,旒醯蔬流硫毓疏棄梳琉
㓁,深探
㔾,犯
㕣,船鉛沿
䍃,謡揺
一,講羶領謔欹齟蹲酬攘抵酥倹検廬鰈切蟯聹胆衿檸輸愈晝畫虚虎貮撓菫亙韈摑亘撲贇饑吏虍嶐愉蚩暄輌蚕單柤絖寂糧醪雩酘旦羚砠抔滉妲蹙湯奇酲垣蔭簽綺孃聆峠衾筒橿峯鋳畳疸蛎虔単彊壤祖写貯蓁徑揚兪靼福擅祗饒虜晄處晋鋲輝尭獻鐃宜恍褝酳醸醫酪零醤磯抃砺竒騫倚醯酷酣龕富槿恒宅鍼獰檢嶺詫濘箴蛆鈕爐閤洌撼逎禅嘸亭洸彗虐號嵜縫梹檮橈柢実經椒觴寄組妛酢僵頷蹼醉謇竚謌謹打羇煬羞坦孅俶柯喧輕蚌答黔濾吟晃箚臚彁饕禳沮徂烽督兵光得逕堯践洞場貪狙畴曁同虞暁列鍮椅廡酉醢担羝酵瘍奏罅砥齏姐翕武減碕苓苧襪幌楢幅素瑾鑢侘崙樸岻岨鹹纎匐春蘯丑弾塞莇忸烈墟遽邸荅婀購下壌泰丐掎纖哈痙牴鹸崘屍栃剱惡鴿嬢紵融殘釘戯薨歪殤斌歳殫隈歙驍険碍蕕拜蕩籌楡極使剳胝憚轤訂笥鬻篝纛懃痾呵民壇莟函邦掵灯遘丞上万叱腸託巫憂膓猗柄覦百拯埼歿夙殪驗嶺斂軻死渝羚薇陦陽幗紲寒唸粗胚膚澪賽与七揄儔萱擣遵據搴世秦塔不蛤憾櫨峇岳繞耡剣蝓庁杖底緤寧鱸苛戲戦斃譲殯正戰楪鱒鑪惑鬲銭咤岑咸麗租媾莖且搭韲蓬遶丁丕餮昼号命膕副覯籖僉窃陰拝險興國殉薑玲渟翹踰戛殄残但劒鴟榛蝉杤咀棯甦狃塲浜丘遞捻搆韭韮遒邱丙墫慮闡諭論胱例剄蝠寨劇佇僅鄲雎舸殱穰零譜顱聆無戚殊讖焼焉殞偸幾襌覲平籤璽蝶怜猷嗣励諠銅樽弌令噂擲涛弐並嚀憮匳慯澂痞司訶諜笹剞猶怛惷璞襄鴒或舞癒殆戍圷鈴顫歌歹隔殲渮驢譏颪渣穣夏停殍讓苴域殖粭緘劔俎嬋覗蝪棒辷画叔曩牒可呑澆炳儉荷矜灑捧賦氈更蘆甼篷崎耀助侖鑄瑜勁何舂殃蕘傷燒拿姶歔令天驪歛領穢渫盂鄭殕陋戌低寿紐劃粡錻猥轗鯰慧町叮昜臉三両萓儷念浅仗弖丈鯱蠢膈杯嗤胴構楊劍殀拾薤盃蕪驤醇蹇羮騎酋酸瘧蔔倫觝蜂琥疆暘梺濮箪疽蛉袒合冓河祠壽亟葉冽賎卞畸懺畐鋤蚯誼衄閂疊疇勤鰔宣褫槭躑満酌毒醒頸湃醋醐騨盪躊酊盧喻詛鋒病今泄亳祷菽逾亞撫馘互靨威册堊彪愃爼懴輳機梼輪珂喩俸坏艫酒盒僥阻齧稔醜酖僕瘉釁阿坐配醵伺鵡玲勗尊峰疔嶢哥鈴否暢亶淪貰駈囓嘘逢鞳蒸冨瀲于鞆臻吾桓嶮縅濤鰆伶喋椪承酎醴釀托溝量飼齢頂奠醂磽湊醍砌垰雫酩蔑綸鰄恰悪琴恫詆棆裃輻袷曉畏檀虧感鞐微再彈兩亜瀘葬逼瞼兀五囹烝冷汀禪洽饉淑普含閾爾脛桐裂詞疂閇桟嗇査給喊椿鰌酔醺罘奉験齡醗冷滅
丁,欹聹檸奇綺貯竒倚獰濘亭嵜寄竚謌打羇柯彁椅碕苧婀掎紵釘訂痾呵灯猗埼軻庁寧苛渟佇舸嚀訶剞歌渮停可荷甼崎何町叮騎河畸酊珂阿疔哥頂汀
丂,朽雩巧考
七,謔廬切虚虎虍虔虜處獻宅詫爐虐號濾臚饕虞罅鑢侘墟遽戯轤叱託膚據櫨鱸戲鑪咤窃遞慮劇顱驢蘆歔鯱叱瘧琥梍褫盧亳彪艫醵嘘托砌虧瀘
万,蛎砺栃杤励
丈,吏使杖仗
三,講攘菫撲孃峯鋳壤蓁醸騫槿彗縫実蹼謇謹蚌禳烽践畴奏素瑾樸春塞購壌泰嬢篝纛懃邦遘陦寒賽搴秦譲銭媾蓬覯拝残榛搆寨僅穰覲涛惷璞襄穣讓棒曩捧篷舂寿慧浅蠢構驤蹇羮蜂濮冓賎勤毒鋒祷輳梼俸齧僕峰囓逢臻鰆承釀溝湊饉桟椿奉
上,寂蹙峠椒俶督戚叔槭菽垰裃鞐淑
下,峠抃丐圷颪梺卞垰雫裃鞐閇
不,抔歪胚丕痞杯盃坏否罘
与,写
丑,鈕羞忸狃紐衄
且,齟柤砠畳祖宜蛆組沮徂狙姐岨莇粗耡租咀雎渣苴俎助萓疽鋤誼疊詛爼阻勗疂査
丕,歪胚
世,鰈紲緤楪蝶諜笹牒渫葉泄貰喋
丗,帯滞棄
丘,鋲梹兵岳浜邱蚯駈
丙,柄炳陋病鞆
丞,拯蒸烝
両,輌満
並,譜椪普
丨,旧押褸肆伸蟯蜷蟠縷晝畫饋淵曄蚩演蚕單廸簫肇抻抔稲騷拂絛肅帥蜴本蜻蜈筆峯蛎印単油娉律嘩葎贐沸蚶疥蛍嵐梯胄蜉肄簾師褝瘋收簣悌寅柚鍵蟒蜥閘虹卉蛆畢神禅堺彗蛇蚓縫衷蚊蜘蜿鵜坤釉抽倏藪喪蟹蚌烽華瀟兼壗蛋向蚰蛄蚋蟐鰰髑飄螺蝨蛮嫂弾婁仲墟捜嚢史呷蛭州諷蝕融螂燼歪颱殫譴數舳焔健拜蝗螻蟀蝎憚樓第蛛蛯蛔賺掻凾蓚赳呻書蠑蠅繍蠹鼬夥飆髏穂颶籔胚蠕潰蛬蛹丗出世嫌不蛸蛟蛤蠏蝓蟋怫蟄果紳螟戦歉飃渊窶戰陥舉紬蝌蟆胛粛螽蠖篠蠍痩价遣遺蓬忠丕強蛞慊甚届蠎蟇蝟蝸蝋螳拝央風蝉螢崋曳匱狎甲凸矧丱關申曲闡蠧濁蝴蝠鄲蕭軸歸譁燭襌蝶篳繭蠱棗蛩由个涕儘弟串痞腱叫叟蛻濂蝮蝣螯鏤幽颪僂佛廉嬋蝪螫剃樺棒蠻画匣中弔搜捧引蛙篷笛屬繦蠡蝦榊襁歔颯劃蝿剛岫蠣慧狆蛾弗矚蠢岬蠶杯嗤鑓蝙楓鴨盃髴芥鎌触糾蜂蜍恵聘聿箪蛉臾界介冊睇児冲彿蚯筱迪蜚患蜃蟻躅候攸湃騨雖蜜蜩蟶獨専鋒卅也嘯費冑貴内蚣虻蟷悠蜀觸俤俸坏艘騁蹕簍蟾櫃峰虫狒否暢蚪収逢瞶蒹津虱畍宙蜑蟲建瘻溲騒盡修蜊迚表蚤脩條蚫独彈沖囑禪卍袖櫁蜒蜆聯罘奉滌謙
丩,叫糾
中,褸蟯蜷蟠縷饋蚩蚕騷蜴蜻蜈蛎蚶蛍嵐蜉瘋簣蟒蜥虹蛆蛇蚓蚊蜘蜿藪蟹蚌蛋蚰蛄蚋蟐髑飄螺蝨蛮婁仲蛭諷蝕融螂颱譴數蝗螻蟀蝎樓蛛蛯蛔掻蠑蠅蠹飆髏颶籔蠕潰蛬蛹蛸蛟蛤蠏蝓蟋蟄螟飃窶蝌蟆螽蠖蠍遣遺忠強蛞蠎蟇蝟蝸蝋螳風蝉螢匱蠧濁蝴蝠燭蝶繭蠱蛩串蛻蝮蝣螯鏤颪僂蝪螫蠻蛙屬繦蠡蝦襁颯蝿蠣狆蛾矚蠢蠶嗤鑓蝙楓触蜂蜍蛉冲蚯蜚患蜃蟻躅雖蜜蜩蟶獨貴蚣虻蟷蜀觸簍蟾櫃虫蚪瞶虱蜑蟲瘻騒蜊迚蚤蚫独沖囑櫁蜒蜆
丰,縫邦蜂峰
丱,墟關歔聯
串,褸縷藪婁數螻樓髏籔窶鏤僂患簍瘻
丶,垈酬蔵伐寃玉鵝綛誡尠筑畿壓貮菟逑亙韈瀛摑靭逋贇贓汰饑臓臧哺魁濺誠瓲獣鵞簿騷稽蹙義抖絨柝瓰述魃嶽単淺駄冤贄必閠箋臟晟詠獻瓱磯芝髮蹴芍妁恆鍼瓩箴愽卵厭祓贏撼国靫往茯貸娥閥勺球拆溥倏孅瓶朮宝就鯆筏黛脯叉忍蒲冢践撚疣脉試尤輔刃瓷恐槲伏藝羲斟太武減戉執拭戡偽襪粱業怺裘鹹織纎甓哉曦秡駐賻丹捕丸纖州幟戠殘埶戴戯藏戈踐軾斌歳圃璧甄纔囈灼掴泳永甌犠甅甑膊憖杓救拔戮飆苡戳截幗匍甕浦莵儀犹犬憾昶繊唹蟄旃戲戦識斗議薄斜戰於蝌惑巣岱銭甍犧咸注萪科膩甃甎膕籖釵國斛料然斥戛戔残籾劒註訴咏澀仞越莪餞餓塾状杙俄鷲殱傅的戎戚讖幾籤璽猷献栴蛩弌駲弑跋為以弐泝弋甫鉞鷙或埔戍殲譏戒舗域戝緘住樣曵式餔搏賦麈棧鯲錢瑩戞戊舖釣讒穢我敷戌約榑錻笂轗栽蛾丼礒賤凡荵氷弍泛浅代主叢牋補斡戟成鳶孵瓦獎默闃吠貶跫葯葡賎鞏半懺哭嶬黙筬尨鐵鐡瓧柱蟻帆鰔槭燃酌盞扠袱峩之馘靨葢威鋪閼梁懴認袋梵術峨機尃縛瓸肬椢艤城毬熟鵡嗅黶築蚪求兎汎乏裁筺械縅漾職獄勢獸玳簗熱羸蔑熾綫孰鰄褻瓮魘巉黼蚤博哦感賊淤貳摯茂兔洲豹閾黻載桟似喊盛找滅
丸,贄藝執埶囈蟄塾鷙笂熟勢熱孰褻摯
丹,旃栴
主,往駐注註住麈柱
丿,稾溯投竸罕奐芟竟艇妊政蔵酥俾伐寃悗鵝褐勿鍾蟯勘蟠魔誡漕梭衫筅巌縣尠詢筑魏脱鈞閭畿虎添洗祕撓鞠睦菟冦瀏徇逅韈瞥瀛摑睾換葛瀕逸挺撒徽駆贓淵役彌贊饑吏臓留臧厥君愡蚩晞黐追篇魁濺尉誠瓲恁務未孕鵞絖孜簫鰡廐肇苅醪借龝酘垉抔體謁稲滉髯稽髭飫稘稿蹙湯髢義欝熈攪放拂藜扁酲艸藕絏絛絨肅悛帙褊鰺肌悔伊帥蜴勾続獵刄勳刋朱魃袤鯏魎鯀読輓橘鋳疫印卿番私堪汲淺贅亦睥鞣逆沙蓁揚鞭逓冤壬离洩乘彝饒必沸秀跳祚暾脾晄疥后脳危處箋臟晟疹嵐魍尢梠輝衽魂梯尭勲獻聊鐃刹悩柞恂柧鍬末恍糟師簪旬瘋醫垢芽扨盾燉阜稱磯抗髣頽髮稙蹴抓竭芍磐髪飜稼妁藐釈收煦旡熬悌鳬鰲帯啾鐓利肴鐇蟒宅鍼瓩完迩桾漓詫箴卉鮑卵祓徼秋駁禿蒟蒄贏亮禰蒐囲沈逃瀝冠撼烱靱挿鞦插摎睡兢郵靤図嘸堺祝徴馨亢洸没娥閥晩號晁午愧鈔卯懸筍詬濱巍橈勺喬廖觴廢鵜綾无藹羌酢攷釉蔽旛飛竣稈稻蹉磬騙砲稠湫髦奕抄飢躯髟髫攵蔘倏煬妖羞既藪煥廛孅密廠聨机柔就濳筏魑魅脈晃算吸愬誘鈍深禾饕彩彜先透兵瀟争光瀋鞫堯践淘跼撃場禽畴哽曁鈎向鮓疣暼魄漑鯊尤檠説袮暁恋恟刃恐朶刎寇槽廡學鰤鶩椹鳧抱芻攻藝艚瘍種羲蹶罅奔謐頻須稷网湾髑斟夾驕穐減竊鼾飄敞苞圀戉燻戡鄒偽糅襪幌瑳剰侘耽崙鬣鹹織蛮痿纎匐哉腆曦蘯鉤莓秕塊駟秡餾莞丹弧菊嚮墟噴萢搾凱凰看莽丸餽膰匹史纖纂包膿諺繁裙鬢崘諷惜胤剱胸束嬶融幟戠殘陵蕎埶戴般戯藏蕃敝戈踐歪颱殤歳夫驂驍數焔苟窄蕩航偬使瑰惣惚蝎耙篦第黌局鬻樊鯣纛慨纏麑纔曹甸呼墳海浣赦囈炮邦蓖嚠邪灼捗擒搬菌眇蓚韵塑弥忝駒掏秣銹腸犠懍匆鬼託展鯢繖膓樒麿嗷杓耘唏瑙胞劬緜粳鷸救院癪蕨故陶拠癧拔戮驚穆失飆髀夙竅碾穂斂骰颶変積薇陲偈陦敕発窕戳盈截陽籀幗劉廏籔鑰猊怱鑿勉胚潘繆笈鬱黏匍匂牧餉任秧丗弉莵霆儀霓遡凶境礬秒秦弯不墺呱麕痺犹慟憾懊繊訝岳繞鬘耡瑠蟋怫杖粂糂侮枕佻楙敏戲戦識渇顔穎姚顏穗軼竏飃鼈鼻渊斃議穃磋翫警滲殯夭穩薐戰敖癈枚廃寥蝌惑差鯑裼鬲黎峅篠棘蠍銭臀咤呪昴犧咸咫岌膨匁租价気秤萪携炸儂凩荀遭捌掲省荏擯遶駛科丕餮秬莎莚匀甃甚懋匏慇牙巖蠎黍膕繋属轣裨樛覈鑽唆劣粁庖籍鷭嬪鴉寫緞籖國發敗殉碑釼穏風委穀夷翹殿歇渉碯譖翻姙釐斥戛殄拷戔敦残粤審幤佝榴珮榛笊激鯵曳甦忱移塲賜丘遞越萎搓涎蓼探烏莪餞秩駿弊丱谺餓鉄關物呂鉋闕腦曲辟濁裟鬚論櫪屮犂来惨東胱剋胙耒怎錘錫俄純鷲便鷽劇燔蕭燠藉殱隗翩穰毅穫譎穿鼇顱的碣穽軫殳教敬偐無薮戎戚燭讖皰焼幾槎籤槃璽杪來嗣枸励農笋診潛濃鬩銑蛩呀腫易昇澎句仟忽邇弑跋涕凪涜凧儿処揉萩嚴涛捶為塰跌弄浚婢弟憮慯鉞澂痞蛻笑麹犁屯設瑟枹鏐螯概紗籥緻編鴆級俊籬或傲数埠舞窘讚敘戍雀毆渺願隔殲譏顰颪穣歩硬整戒働雄陞域效變戝佛楹覺緘璃劔寳耜怐蝪杭耕螫枡剃濆鬟咆巵咒区蘇叛呑鉚慘曵澆蘓賓趁霧掬莠儼灸霪遜矜凭矛遨矯遏萄眺炒泗莉弁趨更痢笏崚繽屬澳棧潟耀鏡侖錢耨嬌槊鴎侶幣楸佩作係戞雅戊釣偏蕘敵拘傷皴讒燒歔譌毎殺翳碪殷傚穢段踵皖滞殼颯我敷癜散陸陟營戌幡寿約庭佚鱧槌剏杉枢錯剔澱轗篩銃和栽麭櫚銚裔轎栲匈牌蘋蛾憤昜丼弗礒弃嚊泡仭賤婬凡霰眉霤噸凜遍矮矚措邨眈几泛称浅淆邀秘仗礇丈臈昨曷昔膠牋轍鬆繙咋諞轂鯱蠶膈耗惱鑞杯嗟考唾剩嗤蝙緲楓楊年殀薫皺隲戟舁燬敢做成盃蕪歃皃殻傀穉穡渙殴毀髻飽羣頑奥髴毓僞酸改蔔盤溜倫芥椴椈孵喚絢綉獗勹琥暘島嵳誨筰梃梗界吻愁介売彬貶洶淕跫影冊禮睇児兄茆瞰葯菱靂克典瀉兌菰鞨貎葡四充蒭嫩賎彰九彫鞏賃彿厰哢畋誕懺晦愀愨升檄峺筱筥嶬筬尨鐵営刪鐡玩蟻宮綯帆鵲鰔褫槭埀艾雛躅芫釆攸酌阮躱齲毟欧醋垂羯髷盞離瘤妙盪釋倪阡旙㓁椣悉廾鰍簓柳別喨珎蜜蟶獨梨桃衝峩迹濔梔卅愍卑臘箘畝爻吮疱狗洵賁亳彦祷徹馥撥茅兇董葮香沌貔撫嘯馘兒凌撤兆祢秉威費册娩泌彪久畊誂厳吭爼及懴梵檳橋峻峨機輾梼橄嵬輪悠珍蜀肬聲俐季簒綮觸俤𠂤玖希椶僑坏僥藩艤城湛奧熏砂稟軆程頓稀龠稔醜齣酖扱倭蔆鎚延俛啝刈股悸瓠鍛獅商築尓嶢縋檎狒參爬否暢梅貿況禹娑淪豊仍乕冕靄免况挑逶冩郡嘱着貌元瀲党兎睨冴跣彭汎跚冏形乏臻畍鋭参致梟厖裁袵嵯詐械縅棄衂珊瓜職啓蜑朔勢廷鵯統系槐承倣醴坑托熱飩欷稜群競謦羸頏稗髱蹂磽稚税重攀均僭瘢蔑熾觚鳳廩孤綸綫喝孫鰄褻修瓣蜊柩勠悧刷柵疚筵魘巉棆脩曉袗哦畛條爽蚫虧千爲感閲微賊派乍鞄乖跡淫乂兜逵逡葬葱郢井瀰允茂兀兔沃播囑乃豹冗乗彡乎袍厩懲誄閾爾爪狐黻尹載黴桟縒櫁尅少迭蜒悦鍖瓢聯動絽伉喊艶盛攜找雹溌躔醺罘奉稍滌謬醗滅
乂,政巌瞥撒贇徽駆彌吏晞黐務孜肇苅欝攪放絛獵刄虔贅鞭离暾脳刹悩扨燉收熬鰲鐓肴漓徼駁馼禰靱図徴吝蚊悋攷蔽躯攵倏藪廠魑禽哽暼檠恟學鶩攻网斐敞鬣史繁剱胸敝斑斌文數使篦黌樊赦蓖擒蓚繖嗷唏瑙粳緕救故驚竅斂薇敕籔牧凶礬杖敏斎顏鼈斃警敖枚鯑篠匁気駛巖覈敗釼碯釐敦幤激甦弊腦便鷽済鼇教敬偐薮璽邇弑嚴澂螯緻籬傲数敘硬整效變覺対璃劔紊螫区霧儼遨更鴎幣敵殺傚斈敷散紋剏枢匈憫仭霰淆邀仗丈轍惱鑞敢做斉殴改梗洶瞰嫩厰畋檄峺筱艾攸欧離閔濔愍臘爻徹兇貔撤厳爼橄悠綮希椶稀旻刈檎瀲致衂啓倣欷攀修脩條爽微瀰懲爾黴滌
乃,孕秀誘透朶銹盈携楹莠綉躱仍
久,粂灸畝玖柩疚
乇,宅託
之,芝泛貶乏
乍,祚柞酢鮓搾窄炸胙怎作昨咋筰詐
乎,罅呼
乏,泛貶
乕,逓
乖,埀
乗,剰
乘,剩
乙,孔尻馳乾乳扎抛髢乱贄吃染煢旭伜池馗葹乢札藝翆執蝨丸胤粋埶紮訖礼囈施訊屹七蟄釶迅忰塾迄屯鷙弛巴枠究地笂他軋卆乞九吼軌砕鳩也仇熟亂虱勢熱孰褻摯糺雑酔
九,尻抛贄染旭伜馗藝翆執丸粋埶囈蟄忰塾鷙枠究笂卆軌砕鳩仇熟勢熱孰褻摯雑酔
乞,乾吃訖屹迄
也,馳髢池葹施釶弛地他
亀,穐
亅,芋欹才鵝聹檸吁淨務鵞義奇綺筝袤閉橘豺貯亦鞣財芽竒倚獰濘箏静瀞亭娥嵜寄抒竚奕謌打羇孑柯柔彁予争豫恋宇椅鶩羲罅湾碕苧糅蛮曦墅婀掎材紵釘訂痾呵呼灯邪凾丞犠猗鷸拯埼軻変序儀弯訝崢錚庁寧楙苛議犧丁懋牙鴉渟蕷莪谺餓俄佇舸譎穿舒呀揉嚀訶剞歌渮停可霧荷矜矛甼迂崎何紆雅盂我杼犲町叮蛾礒浄騎河事畸爭嶬蟻預酊峩迹茅靜亊了諍峨珂艤阿疔哥蒸烹于冴承頂蹂哦跡烝亨汀乎野
了,務袤橘鞣抒孑柔予豫鶩糅墅凾丞鷸拯序楙懋蕷譎舒揉霧矜矛杼預茅蒸烹承蹂烝亨野
予,務袤橘鞣抒柔豫鶩糅墅鷸序楙懋蕷譎舒揉霧矜矛杼預茅蹂野
争,筝静浄
二,齋芋蜷鈞吁壞冦亙亘暄縢衙椏頬齊垣蔭券逓靉豢晋曇峡魂縉鐚伝罎騰藤雲伍俵鶺鶚恆恒完桧壜蒄囲冠悟会齎絆喧梧袢跨卷宇寇藝拌謄齏圏剤唖纃莞遲惡蕚極咢浣囈萼韵耘唔籐緕院薺発牾那儕萱矩霊臍樗惓胖斎翫舉廃胯炬韲擠秬匀膩匏錏寤侠拒圄苣陰鄂顎紜鉅佞圈済渠穽皐滕籘劑諠犀弐夸耕繧叛捲霽眷諤迂屬巻巨珸瑁劵紆皖転盂丼矚弍拳斉穉頑齬躋愕亟云半懷刳玩宣芫芸阮蹐絵勝梛脊晤冐亞冱互距冑娜堊愃畊狭桍判綣倦竺椦鍔瓠袴晉乕冕元挟于汚壼語吾誇濟桓瘠齶均伴鰐悪表虧畔仁壺貳壷亜沍井五囑靆些溌醗
于,芋吁宇迂紆盂
云,蔭靉曇魂伝罎雲桧壜会藝囈耘陰紜繧転芸絵靆
互,亙恆冱沍
五,衙伍悟梧唔牾寤圄珸齬晤語吾
井,囲穽耕丼畊
亘,暄垣恒喧萱諠宣愃桓
亙,恆
亜,唖悪壷
亞,椏鐚惡錏堊壼壺
亟,極
亠,稾羶齋竸妾竟倅攘椁絃育啼黥衰京嫡撞蒂亥壞瀛茲贇交享黐橦啻朧鎬宍肓孩旒罔童竓稿謗齊竪放艟盲芳妄孃悴暝袤衾虔壤贅壟亦茫冥禀擅离暾縡魍褒廓槨醸燉抗竝髣抃竦竒芒蹴竭髞竢醯龕僻熬俵鰲網鐓暗漓徼蒟壕馼贏亮部蓄擁蒿凉六亭豪亢淳懐袈吝嶂嵩嵜閙衷較衣蚊宰鵁悋瘁倍旛竣醉齎翌妨竚翊奕竜竡竕龍椋椄肺喪就魑黯鋩禳葹亡禽該恋惇絞旗蔬章端齏湾磁斐薜圀薩旄新舫旋藁斿侫柆剤裘樟蛮甓纃掖嚢韶弦壌氓壅襲紡嬢榠旌旅薛斑斌翠滴文立航締親蟀粒璧裳辧潼臆壇壊霎韻噺荒擒避億韵莅腋懍憶蘢製嗷効楴緕枋施旆薺碚碎圖竅薗変譬園佼籏幎嗾辭核笠甕慌駭遠儕響境駮弯臍蛟臂牽纐辣膂辮篭猝唹襯劈螟陪旃舷斎顏竏竍譲敖於房旁鱆膏諳膀鉉壁霹韲音擠眩蓑噫咬膵裴鬧辯覈族滾磅游渟敲方雍敦寵嬖裹激哀流餝忙遊萃擘囃霈忘賠塾辟裟鯨榜劾璋粹槁鷲襞埣穰毅済鼇障苙偐劑鏑依裝轅蘖邊塙涼掠郊蘗闢辞慈校蝣螯襄籬傲鄙隴顫穣傍停讓效癖幢対璃紊杭錺曩憧接適霽遨泣氈呟咳訪鯲鏡剖籠薪培敵焙㐬夜骸硫傚滓斈颯敷殕襃榱紋惘瓏銃辨諦裔犒諒憫産辛弃餃凜凛嚆邀液主辜憬轍勍猿位楞滝斉驤皎醇站毓躋蔀躄雜肪柿卒影亰靖充摘彰瞑狡卞袞檄懷意魴簑帝拉竰毫滂蹄離旙簇喨聾装濠迹閔衒畆畝亳之徹瞳蒡撤虻吭閼袋袰鍄稟熟垓旻孳刻鏃商疏裏鮫檎檗亶彷瀧烹沛景檍袁濟裁棄望率統倣瘴釀坑競姉羸頏謫滋溟坊廩市孰褻瓣鶉表縞痃檀淤跡郭菩亨淬梓闇畜畩諄裂梳鐘琉玄槞伉鵺簔僮蔟防高
亡,瀛肓罔盲妄茫魍芒網贏鋩侫氓荒慌忙忘惘虻望羸
亢,抗航杭吭坑頏伉
交,較鵁絞効佼駮蛟纐咬郊校效傚餃皎狡鮫
亥,孩該核駭劾咳骸垓刻
亦,奕恋湾蛮変弯迹跡
亨,烹
享,椁暾廓槨燉鐓淳惇敦塾醇熟孰鶉郭諄
京,黥蹴凉椋就鯨鷲涼掠諒憬勍影鍄景
亭,渟停
亮,喨
亶,羶擅壇顫氈檀
人,頰領齟倅倹検褐綻定蜷筌衿愴亥堤從従葛撲饑縢詮孩羚謁頬蔭褞簽鰮悴聆券衾臥蒼靈徐蓁豢疥衲篋誣峡鵐瘟零蹤磯齒竭騰藤龕鶺檢縱嶺嶷桧畭閤決饂挫堺檣実刔会瘁藹頷蹼醉孅企獪縦答黔吟箚途提茶挾禽貪蛋卷蚋該蔬齔奏謄夾翕苓舘旋圏寔幹胥崙樸春快擬荅捨泰纖哈慍鹸崘樅剱鴿傘薔翠薀缺歙険剳蝎媼餘莟掵擒叙膾巫憖澣柄籐余碎題夬驗嶺斂羚碇苡偈鑰唸核澪膃掟駭礙秦塔蛤峇麩剣惓猝渇斜敍覡庚創栓蠍岑是价搶噬搭掲墻塗膵命侠癡僉陰險除玲歇薈陜劒座楚榛麪棯諚匙礎捻萃囃丙銓論劾粹圈埣零碣滕聆舒讖納籘幾籤來怜診諛咎訣个令凝以淀賚嚏匳麥惷璞籥鱠槍鴒敘鈴殲譏舎舗榲粭劔俎棒繪蘊鋏牆慫捲炳儉矜遏眷捧萸腴昃咳巻侖劵鴃舂舖舍拿姶令骸歛領陋錠鯰訥麭臉蓙荼莢念婿浹臈曷蠢劍拳拾穡齬羮雜倫芥蜍濮閃卒蛉臾界合介仄决鞨懺痊抉齲齦蹐羯艙絵聳勝疑脊病今囚泅内吶狭輳疋機輪珍綣俸盒倦齪蹌齧龠稔垓齷齣僕瘡坐鎗椦刻玲聢疏檎鈴壻淪徠靄囓鞳靹瀲挟从鞆臻畍筮嶮鰆伶瘠齢齶滄湊醍齠倉綸喝恰琴肭疎棆袷狹瞼囹冷全淬洽袂檜含峽筴會嗇似給椿艢奉験齡冷
亻,垈躙倅攫們倹攤鵆俾絎伐伸俳縮徳從徊従徇徒徽役衙恁椛椨休借個花欟倒倆俘絛褓喉伊鮴篌律径靴徐徑鞭葎待後贋椎褒伝蹤權躪倚拊僻伍俵聚縱衢哘復徼征擁葆往茯徴貸徨閥宿伎倖僵倍坿羅軈罐倏雙倨倔俶鶴伜帷縦衡筏黛脈鮒堡徂徃得獲俺伏倩罹備護驩催偲在偽佳侫鷦侘錐符憔掖仲儒荐壅樅訛癰旅健偬佰鷹使鑼鑵腑仙推償霍億蓚仰付莅腋腐雉確薇隹偈碓戳截側佼併侭甕膺化任擢儀儔儕儁灘曜憊膂屐府侮佯佻傭偵偉歡驟讙価鴈糀佶柎蠖権篠岱价儚携儂儖荏件蘿惟侈侯侠燿偶歓姙假埖雍但佝猴侑售應仞優囃儲例佞俄钁体便佇僅雎穫傑傅顧硴偐僊雁傾傳隼偸佑鏥依覆唯仟儘礁観俊佐籬隻舊傲蕉讎拵雀傍顴雋僂停働雄偕苻佛促住侃潅慫仕凖儼儉儡荷凭儻灌仔銜栫履耀侍何侶佩作係雅偏傷雌夜傚薙債附讐偖雇低佚佃觀佗侏供匯他仭烋蓿儷儺邏仮仗代液樵咐崔錵襍位侵集焦像偃做傴癨傀僞藺雕値雜倫僧保濮行筰瞿准循賃彿暹筱桁恠勸估廱雛候倬攸倥軅離準雖倪伽俥俑寉維聳濯袱衝衆衒懼堆徹仇徙摧進囮徘彳仆貨淮袋術裄衞恷勧悠俐俤俟俸僑僥倦價難奪奮騅僕倭垳倶躍伺俔俯俛街仂彷徠仍矍很貅御愆袵衍鸛櫂玳糴伶信倣稚僖倡僭俗伯俣存俚伴糶修衛脩條虧微仁派禦彼仏什徭懲懽誰黴鐫似伉鵺僮攜雑僚僣滌
仁,佞
仄,昃
今,衿蔭衾頷黔吟貪莟唸岑陰棯捻矜鯰念稔琴含
介,疥堺价芥界畍
从,頰齟倅從頬悴靈篋誣峡鵐蹤齒縱挫檣瘁醉孅挾齔夾纖樅傘薔翠巫憖碎麩猝覡噬墻膵侠陜座麪萃囃粹埣讖籤來賚麥殲鋏牆慫麭蓙莢浹穡齬雜卒懺齲齦聳狭齪齧齷齣坐徠囓挟筮齶齠狹淬峽筴嗇艢齡
付,椨拊坿鮒符腑腐府柎苻附咐俯
代,垈貸黛岱袋玳
令,領羚聆零嶺苓嶺羚澪玲零聆怜鴒鈴領蛉玲鈴伶齢囹冷齡冷
以,苡似
任,恁荏姙凭賃袵
伏,茯袱
伐,閥筏
休,鮴烋恷貅
会,桧絵
位,莅
何,荷
余,徐畭途餘叙斜敍塗除敘荼蜍
作,筰
佰,縮宿鏥蓿
來,憖麩麪賚麥麭徠
侖,崙崘論倫輪淪綸棆
侯,喉篌猴
便,鞭
保,褓褒葆堡
修,蓚
倉,愴蒼創搶槍艙蹌瘡鎗滄
備,憊
僉,倹検簽檢鹸剱険驗斂剣險劒匳劔儉歛臉劍瀲嶮瞼験
僕,濮
儿,竸罕奐竟寃悗蟯勘魔梭筅尠魏脱虎洗撓睦菟冦換逸贊魁絖廐滉稽悛続魃魎読輓橘堪冤饒跳晄魍尢輝魂尭獻鐃恍簪頽蹴藐旡完禿蒄亮蒐沈逃冠烱兢祝洸晩號晁愧巍橈无羌竣既煥廛就濳魑魅晃深饕先挽光堯曁疣魄漑尤説暁寇椹藝斟圀戡幌耽塊駟莞餽匹胤融陵埶驍瑰鬻慨纏麑纔浣囈鬼鯢鷸院薇発窕猊勉莵霓境犹繞糂枕佻姚翫廃鬲呪遶甚鑽唆翹譖忱遞探駿胱剋鷲隗譎焼潛鬩銑涜浚蛻概鴆俊讚隔澆眺泗耀鏡蕘皴讒燒碪皖陸銃銚裔眈鯱蠶膈皃傀渙頑酸喚琥売淕児兄克兌貎四充尨玩褫芫阮倪㓁喨桃吮兇兒兆娩彪誂峻嵬肬椶僥湛醜酖俛商嶢況冕免况挑貌元党兎睨跣冏鋭厖勢統槐熱競磽税僭褻魘巉曉閲微兜逵逡允兀兔厩尅悦鍖攜溌躔醗
兀,蟯撓絖滉饒晄輝尭鐃恍洸橈晃光堯暁幌驍薇繞遶翹胱焼澆耀蕘燒僥嶢磽曉微
允,梭悛竣唆駿浚俊皴銃酸充吮峻統逡
元,冦完蒄冠寇莞浣院翫皖頑玩芫阮
兄,脱兢祝説呪剋蛻克兌況况党鋭競税閲尅悦
充,銃統
兆,跳逃晁窕佻姚眺銚桃誂挑
兇,椶
先,筅洗贊濳鑽銑讚跣
光,絖滉晄輝恍洸晃幌胱耀
克,兢剋尅
兌,脱説蛻鋭税閲悦
免,寃悗菟逸輓冤晩挽纔勉讒娩俛冕巉兔
兎,莵
兒,麑鯢猊霓鬩貎倪睨
兔,寃菟冤纔讒巉
入,輸愈懣愉倆魎兪衲蹣輛蚋鍮楡裲覦渝揄蝓滿叺杁踰諭銓偸癒瑜圦陝訥込喻瞞逾吶喩瘉鳰靹糴肭兩
全,筌詮栓銓痊
兩,懣倆魎蹣輛裲滿瞞
兪,輸愈愉鍮楡覦渝揄蝓踰諭偸癒瑜喻逾喩瘉
八,欅竸罕竟蹲総勘黹梭誉脱異吩共公饌彌愼演鎹分宍糞廐稘謚翁悛鷆廝鶲蜈瓰暝尺堪撰冥駅汾娯鋲簾簪醸溢騫択藐釈旡寅鎭尽撕禰蒐兮具挙其六厮箜箕梹鎮槙綾无謇竕既盻鷏誤暴閧彜蓊瀑茣兵兼貧沢曁爆虞漑嶼説椹椌鷁旗雰斟竇竊基窓戡碁楢業麒慎腆岔曝塞搾真嚢壌匹巓枳嬢榠寡窒戴穹窰竄窿蕕窟癲窄枌剪慨麑麌呉賺擧眞鬼鯢鴪竅窩颶突窕籏侭幎寒猊蛬腔賽氛莵霓遵搴嫌惧枩糂螟隘歉顛譲薐譽窶窖舉鱒訟臀咫邉昼慊甚襷隧窃興窗滾竃窺殿譖益釟船嗔曾呎浜遒囎忿墫曽只巽寨紛盆港翼窪穿穽歟璽松猷潛樽鬩邊邇噂選擲儿浚弟並填慈蛻鬨濂諡猶概與窘竈穣窯空拱窈并廉邃塡膣崚訳前槇皴究碪窮穴驥斯癜鄭釡供粉澱銃鉛淇控叭哄巷鬆蠶舩皃蹇頌酋芬扮鎌簸朞瞋嘶菱典兌貎充菘瞑袞輿鎰躑倥頒騏倪椣恭期濔鈬吮祺沿兇兒凌蚣椶煎湛倶釁蔆孳尊淞蒹貌睨冀鋭棋善統稜欺奠税溟僭褻啌聡瓮縊黼閲洪兜逡瀰允厩普爾黻棊悦鍖鰌謙
公,総翁鶲蓊枩訟松鬆舩頌菘蚣淞聡瓮
六,宍暝冥醸壌嬢榠幎螟譲穣瞑溟
兮,盻諡
共,異饌糞撰暴閧瀑爆曝戴蛬臀殿巽港翼選鬨拱驥癜供澱哄巷恭冀洪
关,関咲
兵,鋲梹浜
其,稘廝撕厮箕旗基碁麒籏斯淇簸朞嘶騏期祺棋欺棊
具,鎮槙鷏慎真巓颶惧顛填塡倶
典,腆椣
兹,磁慈滋
兼,簾賺嫌歉慊濂廉鎌蒹謙
冀,驥
冂,稾講奐黹懣嫡嘗禍瞥換彌輌篇鎬罔髯稿倆扁褊蜻筒魎橘臑揣衲魍獻朿稱髞絅喘糯網漓當禰烱蒿嫦冉嵩策喬蔽騙稠蹣煥綱廠惆鋼懦瞠囘洞向同暼輛蚋蟐倩端网驕敞藁猜崙鯛甞丹儒嚮炯需購崘融襦蕎苒敝滴裳鬻篝萵償遘裲柄楠鷸蕀窩嬬鑰蠕餉菁掌墺懊襠旃滿鼈斃膏鬲棘媾蝸螳覯偶興敲粫幤岡棠搆丙弊咼棡繻論惴槁燠翩譎納璽鏑献嗣栴繭銅棗周塙邇而籥編隔璃賞礑炳適矯儻淌崗澳侖嬌幣偏敵渦陋粡惘剛訥裔轎犒両遖遍過嚆礇諞膈蝙胴構襖渙奥湍雕倫喃喚冓冊週摘彫円厰刪満綢常簓鐺蜩迥濔病冐堝瞞靜凋册冑内吶橋濡尚輪蟷鍋孺僑奧龠商檎淪冕靹党睛跚鞆冏堂禸珊溝謫綸刺肭柵恫棆黼縞南再兩瀰爾黨黻桐調攜高
内,衲蚋柄丙納炳陋訥病吶靹鞆肭
円,蜻瀞倩猜鯖菁靜睛
冉,講髯稱購苒篝遘媾覯搆構冓溝再
冊,篇扁褊騙崙崘鑰論翩嗣籥編侖偏遍諞蝙倫刪輪龠淪跚珊綸柵棆
再,講購篝遘媾覯搆構冓溝
冏,橘烱鷸譎裔商攜
冒,帽瑁
冓,講購篝遘媾覯搆構溝
冖,罕孛寃綻定聹它宗啼朦縮檸狩箒饐蒂瞹瞬冦冪案暄檬演啻綜宍悖寂椀褌家謗攪宴字宛宏続宀暝読畳写貯按冥冤揮睿靉壹爨蛍縡輝宕宜帰宵煢騫稼富寅帯宅完獰疉詫濘晏壕蒄亮沈冠亭豪箜鮟蛇鋺濱宋実蜿宰寄宿艨謇竚鶴密喧宝深淙瀋冢宇寇綰學害椌帶竇竊窓舘苧寔鴬寛侘耽駸塞莞搾嚢掃鬢榠紵寡窒薨穹窰竄窿皹窟窄締粽寮黌牢塋浣嫁菅擦駝腟蠑憂棺蠹樒割鴪索楴榮寢碗院皸確竅殪窩碇突窕寝實幎寒栄鬱腔憲賽掟萱搴腕牽柁寓寧枕寞螟穃夢額殯窶窖旁舵寥膀甍咤曚儚擡擯塚邉浤曖鉈寤寐嬪寫察窃窗竃磅穀窺渟蕣寵審螢諚忱優探婉蠧棕犖諢榜榁榕寨鷽佇陀窪穿踪穽歸寶鏥諠崇授邊運涜擾噎淀嚀轄鴆癆窘滯竈傍渾窯空停窈覺寳労覚婦館賓邃叡膣繽瑩戞究窮穴滓皖滞殼渤營薹寰鴕佗錠勃諦受浸控蓿萓眈轂侵舜殻蹇客鶤売彙豁瀉瞑愛愨誼疊営琿宮帝宣蔕倥毫溶滂蹄㓁喀糘寉安喨蜜濛濠鞍壱亳葷撹矇蒡蓉沱愃檳勞守熔軍酖釁宸室聢官詑管濬懿蒙撈菷冩冨瞎壼宙宥学容溟鎔啌暉壺壷豌冗臺暈疂櫁鶯宦帚綬
冘,沈
冠,蒄
冢,塚
冥,暝榠幎螟瞑溟
冫,鰯鮗鈞終檪冬蒻跳尽逃摂凉晁瓷搦柊蟀函韵弱窕侭寒塁嫋唹佻姚於螽憑匀楽渋諮咨苳姿涵凝粢凖眺鯲鼕薬銚凜凛軣鶸决冲准冽桃凋冰凄凅冱凌兆誂閼恣溺蔆懿况挑茨冴疼率盗次均嵶淤馮資冶凍冷疂冷
冬,鮗終柊螽苳鼕疼
凌,蔆
几,投芟筑瀛役酘肌疫處嵐瘋醫抗頽磐鳬贏馨亢没廢磬飢机撃恐鳧飄凱凰諷般颱航搬拠飆夙骰颶廏鑿飃癈臀凩慇繋緞發風穀殿珮毅殳槃蛩凪凧処設毆颪杭咒凭佩殺翳殷段殼颯癜澱凡轂楓燬殻殴毀盤椴跫鞏愨帆撥葮吭梵聲股鍛築汎坑謦羸頏瘢鳳冗伉
凡,筑瀛贏恐蛩跫鞏帆梵築汎羸
処,處拠
凵,溯齟厥蚩黐瓲艸逆离脳悩齒柮漓倔魑愬鈍祟禽黜恟芻齔蹶鄒胸窟鬯函擒凾塑蕨歯鬱出遡凶屆凸噛凹闕屮純涵屈屯籬拙璃画掘趨槊匈噸邨咄崛嗤皺齬獗洶蒭雛齲齦離兇沌椶齪齧頓齷齣檎囓朏朔飩齢齶齠糶堀齡
凶,黐离脳悩漓魑禽恟胸擒籬璃匈洶離兇椶檎
出,柮倔祟黜窟屈拙掘咄崛朏糶堀
函,涵
刀,齋切綛吩靭初獺分契齊刄瓰券茘冤挈汾扨喫靱照齎髫竕朷蟹忍彜禊貧刃雰齏粱岔纃韶剱寡枌剪辧籟招薺拐枴氛儕臍昭叨蠏劈劭韲擠嬾窃釼籾劒屶澀仞忿懈紛盆劑楔潔召超釖劔辺邂霽癩剏粉仭邵荵紹躋芬扮懶貂刧頒詔梁認齧釁貿沼囓濟衂簗齠砌解迢廨藾
刂,刊輸愈瀏愉苅倒刋鯏兪刹刑帰利洌刔箚厠列鍮刎剤剰剿烈揃剥渕楡剳剪荊嚠製剽割覦薊渝側劉揄剣蝓廁翦創捌剴副踰剌掣諭惻例剋剄班劇偸劑剝犁削剞則癒剃擶莉痢剖瑜前劃剛剔辨剩劍測冽刪刳椡溂別喻梨逾喩判到俐煎瘉刻刈型蜊刮刺悧刷箭裂制喇罰
刃,綛靭忍籾荵認
刄,扨靱剱釼劔剏仭衂
分,吩瓰汾竕彜貧雰岔寡枌氛忿紛盆粉芬扮頒釁
切,窃砌
刈,苅
刑,荊型
列,洌烈例冽裂
別,捌
利,鯏犁莉痢梨俐蜊悧
到,倒椡
制,製掣
則,厠側廁惻測
剌,溂喇
前,揃剪翦擶煎箭
劉,瀏嚠
力,勘筋務珈抛勳黝虜勲肋袈恊飭勵嫐湧努莇笳拗劫懃効劬勉慟耡加嬲劭枷駕架劣舅勇劾勅励甥功癆働窈労霧跏劼助劵勁渤幼勃男勍釛踴迦娚脅鋤勤勸募伽朸勝勦勒脇嘉茄賀勧勞椦勣勗協仂撈勢勠痂動
加,珈袈笳枷駕架跏迦伽嘉茄賀痂
助,莇耡鋤勗
劵,藤勝椦
勃,渤
勇,湧踴
動,勲慟働
務,霧
勞,癆撈
勤,懃
勹,褐勿詢鈞鞠徇葛愡垉謁湯藜蜴勾揚恂旬竭芍妁煦鮑蒟靤筍勺觴藹砲煬鞫淘跼場鈎檠恟刎抱芻瘍髑苞鄒偽匐蘯鉤菊萢包胸殤苟蕩偬惣惚蝎局鯣甸炮灼韵駒掏腸匆膓杓胞劬陶驚偈陽怱匍匂渇警裼黎蠍匁荀捌掲匀匏庖寫殉歇佝塲賜物鉋濁犂錫的碣敬燭皰枸易句忽為慯麹枹怐蝪咆掬遏萄趨笏屬潟釣拘傷譌約剔麭匈昜泡矚臈曷楊皺飽僞蔔椈絢暘吻洶葯瀉鞨葡蒭綯雛躅酌羯盪別獨疱狗洵蜀觸齣暢靄冩髱均喝蚫爲鞄葱囑豹袍雹
勺,芍妁灼杓的釣約葯酌豹
勾,鈎
勿,湯蜴揚觴煬場刎瘍蘯殤蕩偬惣惚鯣腸匆膓陽怱裼塲賜物錫易忽慯蝪笏傷剔昜楊暘吻盪暢葱
匀,鈞韵均
匂,褐葛謁藹渇掲臈曷靄喝
包,垉鮑靤砲抱苞萢炮胞匏庖鉋皰枹咆麭泡飽疱髱蚫鞄袍雹
匆,愡偬怱葱
匈,恟胸洶
匍,葡
匐,蔔
匕,褐它箆蓍嘗豼愼詣尼椛廐花謁稽髭鷆背鮨混靴乘箟鰭肄毘鎭嶷蛇批藹砦曁羆齔頴麒麝秕擬麓屍巓訛庇枇楷薨姥癲篦鬯蛯麑纔麌蓖眞駝麟叱麋屁焜此死廏粃鬱匂呰化嚥礙麕態北麁柁渇穎斃舵糀麗掲菎鉈昵鯤紫癡埖燕紕嗔鹿轆匙眤眥泥崑耆嗜陀陛皆階硴傾鴇怩耄耋眦凝昆潁能偕老牝擺灑塵咾麈槇雌讒皀驪驥鴕佗儷臈曷諧鏖錵剩讌瞋揩漉棍埀罷疑壱貔囮嘴沱貨臙砒頃旨詑脂靄冀疵觜比熊妣喝巉乖葬些指貲柴琵
化,椛花靴訛糀埖硴錵囮貨
北,背乘嚥燕驥剩讌埀臙冀乖
匚,頤勘尠堰駆筐堪嘔嫗嶇篋醫熙躯奩箍椹斟戡匹樞匝甌榧矩糂慝炬秬甚拒苣驅匱鉅匿渠歐匪匳毆区匣巨鴎翳碪枢医匯匠匡偃傴殴煕欧距湛謳櫃框區筺柩鍖
匝,箍
匡,筐框筺
匪,榧
匱,櫃
匸,瀛肓罔盲妄茫魍芒網贏鋩亡侫氓荒慌忙忘惘虻望羸
匹,勘尠堪椹斟戡糂甚碪湛鍖
区,駆躯鴎枢殴欧
医,醫翳
匿,慝
區,嘔嫗嶇奩樞甌驅歐毆傴謳
十,奸罩罕謀倅攤妓俾孛肝鰈鍾柑勘刊誡專漕尠懣鮃箝嫡徳鞠靺逹擇韈睾靭報貭乾箇篇鐔某悖廟悍借個技磚體稘扁絨褊植廝悴勳刋嵌堪固睥鞣瀚靴鞭靼贄彝脾蚶縡尭勲悼啣刑糟盾煢阜稙蹠飜酣僻綽孝槿帯蟒瓩篏卉撕囲靱挿鞦插睡其兢郵靫懐厮午嶂箕鎮宰槙伎垪倖瘁飛稈翅醉騙蹣罟羇直倨扞妍伜絆鷏聨瓶鐸喪桿袢算彜蓆鞫鞘蛄暁悳槽席椹帶旗煤支艚拌坪種翆章奔斟鼾薜基燻執戡碁枝幹惠剰瑾蝨崙潭樟麒慎甓哉腆甞忤泙噴真莽纂膿岼潮崘巓惜粋嬶鷓幸苦戴夲驛薛傘翠姑譯滴癲埴紺枅蟀杆璧屏辧裾懃曹墳壊捍荊避餬展澣糊索楯楠故苹碎髀踞碾譬陲截紲併籏鴣鑰怙居辭訊轉甜駢丗弉嚥世餠涸塀痺慟臂辣屐憇辮猝胖蟄糂緤劈拑滿穗竏鼻顛竍楪鱆楳怦訐栞澤峅繹叶懌痼壁秤邯霹遮霸儂遭媒膵甚甎岐蠎裨辯胡粁籍庶碑渡圉燕嬖計迅萃蓴擘萍忰弊曲辟論剋蝴錘璋粹襞度埣藉翩骭鼓譚軒障穽皐皋戎蕈傳焼隼覲鴇平蝶鏑献嗣農濃笄蘖腫昇餅仟据囀捶弄婢填掉甘古蘗闢辞諜笹覇覊楜籥編干鷙針埠滯顰滸戒働陞殖癖并籵覃耕枡錮濆鉗牒叛遁凖適塡弁慱枠侖枯偏敵鼕碪滓渫踵滞渤團斯幵鱧剏瑚杵勃胼錯許岸辻辨栽棹牌辛憤丼淇弃嚊跂駻遖韓遍措矗草儺辜昔諞唾蝙年薫斡戟舁讌做歃翰湖研値躄倫簟廰喃簸廿朞卒卆鞜冊鞁禮嘶克典鞨葉鞴摘循彰鞏沽半哢鋸疳升卓刪瓧朝絣鵲估埀倬蔕満竿砕置醋垂醐騏髷艱旱蔗羈準坩釋阡椣廳廾期勒衝卅卑祺鞍賁泄瞞董革凅瞽韃畊卸臙迸評詁輾輪聽判簒湛熏軆龠槹檗協淪豊貰鞳韆靹摶御汗跚鞆形裁棋開械棄珊槫率喋鵯瘴醴早欺稗型謫重綸伴瓣肢啅柵棆鈷博南畔千鞐賊鞄乖汁禦鞋葬摯井嘲葫淬乗鞅饉什梓卍棊載尅聴鍍鍖動艶酔醺
卂,迅
千,鍾勳刋勲瓩挿插睡郵種燻剰陲慟竏粁錘腫仟捶働踵唾薫歃埀垂阡衝董熏重乖乗動醺
卅,帯丗滞棄
卆,伜翆粋忰枠砕酔
升,飜飛昇陞枡
午,啣忤滸杵許卸御禦
卉,尭暁奔噴墳蠎焼濆憤賁
半,絆袢拌胖叛判伴畔
卑,俾睥脾髀痺裨碑婢顰牌稗
卒,倅悴瘁醉翠碎猝膵萃粹埣淬
卓,罩悼綽掉棹倬啅
南,楠献遖喃
単,褝禅弾戦蝉箪騨
卜,罩齟政綻定鮎堤冦従瀕禎贇卦寂髭蹙峠睿嫣堽壑點悼啣抃齒砧綽褂朴嶷征瀝占椒砦俶企縦督提蛋寇蔬攴齔頻碵武竊滷旋寔覘胥鹹擬眄下丐鹸歪斌歳苫粲捗上掛鉦訃笘癧題此歯歴碇蕋耻黏呰掟遉礙岾偵正敍幀店是赴霑点莚轣紫癡止渋渉敲楚粘麪諚澀匙礎趾涎噛眥澁櫪証歸戚焉凪眦凝淀嚏餐掉鹽圷顰颪歩整篶叔賦叡燦雌穢陟錠錻鹵棹蘋婿外齬站拈梺沾靂祉症卞誕卓槭倬齲齦柾疑貼徙菽嘴仆卸疋阯址齪齧齷齣延鵡聢迯疏濬壻囓御疵蜑肯觜齢齶醍齠垰雫帖啅疎筵裃鞐禦貞沚些貲淑閇蜒柴罫齡
卞,抃
占,鮎點砧覘苫笘黏岾店霑点粘站拈沾貼帖
卦,褂掛罫
卩,領蜷詭即瀏報留椀鰡阨宛印卿危範聊啣節卵却卻卯鋺蜿卷卮抑餾夘掵嚠仰苑碗嶺羚籀劉叩腕笵惓瑠昴命玲榴氾婉圈零聆怨鴒鈴迎櫛昂鉚捲令軛領霤鴛溜孵茆厄瘤柳跪卸箙脆鮠綣扼貿韆御脚齢服禦范豌喞齡冷
卬,仰迎
卯,瀏留鰡聊卵餾嚠籀劉瑠昴榴鉚霤溜孵茆瘤柳貿
危,詭跪脆鮠
即,卿節櫛喞
却,脚
卵,孵
卷,蜷惓圈綣倦
卸,啣御禦
厂,蔵糒廬魔詭巌厘壓逅韈貭贓饑臓臧厥椨廟廐蹙阨廝縻詼蛎嘛逓靡振娠壥贋汳厦鈑后危臟廓簾垢盾磯砺蹠廚廣糠鍼箴脣晨厭瀝撼厮詬廖鳫絋廢糜飯軈砿廛廠勵摩蓆愿卮厠糖廡席蹶備減薩戉襪鹹麒麝版鉱膿昿麓諺麾栃庇床廊鷓藏歳拡鷹腑纏麑麌涯炭麟麋甅腐麿庄楯蕨癧皈歴廏糎唐序麻膺曠灰震麕麁憾憊麼府庁底庵廁傭顔顏鴈康廃広店唇庚纒咸麗応礪蓐遮儂礦巖轣庖廂鱇庶渡釐广座板辱鹿轆應慶遞越慷辰櫪度偐雁戚幾粧庫庸鑛励農濃慵嚴塘鉞濂戍願譏薦圧廉緘崖巵叛遁儼灑塵麈昃耨庠廈戊驪軛穢戌庭岸崕轗蠣産擴蓙儷賑仮鏖坂廰褥獗啀仄賍靂鞴循厰漉原厄蜃糲鰔褫槭廱溏軅竰磨蔗廳恢梔販彦跪壙靨威厳暦脆鮠機扼宸俯黶厚縟返乕反厖縅溽阪源蔑廩鰄魘厨感茂睚厩鍍喊廨躔滅
厄,詭阨危軛跪脆鮠扼
厓,涯
厘,甅糎竰
原,愿願源
厥,蹶蕨獗
厭,壓靨黶魘
厳,巌
厶,肆総育魔梭魏即公黐魁旒欸髯髭翁髢始倒蔭払悛鰺鶲宏勾肱魃輊魎卿私靉曇魍魂縉柧伝鵄髣罎髮髪竢醯雲節桧壜蒐蓋却愧巍絋会竣髦套砿髟髫蔘胎魑魅蓊鈎魄桙藝溘羆垤蔬窓鬣塊弧眸餽鉱昿蛭鬢窒颱驂姪拡劫怯瑰怠鉾台弘囈鬼耘怡鴾呱態牽辮鬘枩苔滲広訟峅擡浤強咥辯唆紘紿陰紜笞鯵闔流駿駘鬚惨隗松耋泓浚嚔能緻俊殆雄繧鬟櫛慘擺弁膣繦襁皴㐬硫転盍薹銃法弃矣牟轍鬆舩傀髻髴頌毓酸至菰充云菘刧椡芸髷罷絵桎畆吮徹挨撤蚣峻嵬到簒俟埃飴醜琺瓠疏畚參晉淞治臻脚参厶致棄瓜統槐髱熊抬觚孤瓣聡瓮詒魘去冶逡允靆仏貽臺狐梳瓢琉喞
厷,雄
去,蓋却溘劫怯闔盍法刧琺脚
参,鯵惨
參,鰺蔘驂滲慘
又,抜投芟攫妓綴鰻輟娶冦報饅役寂拏酘技竪疫汲娵径汳壑鈑暇縵醫磐髪経聚靫馨没畷暖椒廢伎緊翅飯磬湲雙俶吸叉督撃獲寇支攴軽護枝努呶嫂駸捜駑版般粲極掻媛搬凾赧叙寢歿皈骰盈廏寝鑿辭笈霞屐鬘驟癈陬敍幔蠖臀腎痩岌趣蘰慇岐繋怪緞釵發穀渡殿假敲板鏝慢樫钁度毅鼓穫殳緩槃授賢遐餐叟設級隻圣燮毆楹錣叔曼叛搜掫弩叡樶瑕蝦燦鼕殺翳殷段殼癜鏗澱受慳浸跂仮取叢轂怒侵燬殻殴毀坂盤椴鰕輙諏双堅援亟沒愨友啜煖扠販撥菽葮葭瞽豎及箙聲帑艘頚謾扱股鍛返収亂矍反爰鍜最蔓謦溲奴騒阪瘢肢服桑撮茎馭淑漫鍍孥綬鰹
叉,騷靫釵扠蚤
及,汲吸笈岌級扱
友,抜髪暖湲媛緩援煖爰
反,汳鈑飯版皈板叛仮坂販返阪
叔,寂椒俶督菽淑
取,娶娵聚驟陬趣掫樶叢輙諏最撮
受,授綬
叟,嫂捜痩搜艘溲
口,稾謨講羶謀謔欹蹲躙攘倹攤羂褸悚椁検蟯蜷柬啼蟠誡詭濶黥衰嵒縷詢誉脱吁閭吩愴鮎京豈饐嫡饋嘗禍徊逅瀛摑嘖速跿享吏箇君蚩哺略鮖閣輅詣橲衙詮蚕誠聟啻鎬獺恕獣珈單個砠磚體破欟謁欄騷謚稿謎欒蹙謗始奇燈酲鵑簽褓綺喉孃蜴鎧聒蜻蜈詼筒嶽読橘哩蛎畧嶝名乱壤洛蒼固揖靈嘔靠嘛禀嘩福貉逞擅壹娯跳嫗壑暾狷嶇蚶爛后蛍哨吃嵐橙詠梠誣詈點獻蜉宕啣褒悁廓槨瘋垢酪燉謂蹤磯權躪謖砺竦竒磔砧蹴蹠頭謝磐蹈髞倚酷煦龕僻熹絅富簣簷喘廚絹啾鶚鐓蟒鍼喫蜥檢桾詰詫箴吊虹臠蛆當哘閤蒟壕贏亮部撼逗烱烙蒿茴兢葆凉嘸亭嫦豪祝彎淳袈占號卻吝蛇蚓嵩嵜誦檮詬迴衷話檣蚊聖喬蜘蜿悟悋寄結喙照藹倍攣頷蹉蹼磑磬砲謇砦稠罐蹣頼謌謹頡砿磧罟髫罸奩如羇倨藪悒椋廠柯喧惆喪胎蟹就詳黠蚌答梧誤吟吋吸吐箚誘各堡祐跨彁饕禳操瞠嘆茣鞫贍践洞跼哽蛋向哲蚰吹同蛄虞誥試蚋檠説誹峪該惇蟐綰椅糖害醢躡蹶砥謐謄髑磁碵翕驕減碼碩飄護薜驩敞碕舘藁碁幅鱚螺覘唖蝨鯛巒澡鹹蛮呶匐甓哉痘甞鉤右浴婁仲嚮噴灣炯凱嚢石荅韶捨婀壌掎史憩哈呷蛭咯岩言笳繕諺鹸裙樹諷訛剱蝕枳束鴿覬嬢融螂圜蕚苦蕎拮蕗癰踐颱踟薔姑殫踝骼譯譴滴歙數険碍苫苟蕁籌極使緯蝗剳螻怠蟀鑵蝎璧銘裳憚樓局裾訂樞訖笥鬻蛛膽痾蛯呵蛔纔麌台憺咢呼呉壇莟囈萵掵韻噺嚠萼掻菅償避揀凾餬駒甌呈呻叱蘭膳懍蠑託潯蠅訃笘棺蠹麿討嗷唏怡猗唔劬割糊籟嬉鷸圍碗若招故埼碚碎圖驚飆確踊殪驗薗證踞髏碾窩譱斂軻磊颶譬碇碓敕園拐楫幗幃籔鴣鑰唸唐枴怙唄嗾居轡訓蠕訊潰黏甜牾懆叩蛬蛹呰餉礫塩遠嚥儔矼擣灘噪礬礙掌涸塔呱蛸昭蛟叨蛤臂憾峇訝辣蠏諱憇岾剣嗽蝓蟋唹加蟄襠劈螟襴苛陪圓苔括戲偉碆譫識磆歡飃硅議穃磋警額譲踏譽窶戰登窖讙拓緝襭佶蝌惹蟆店螽唇劭枷杏鑾惑創訐蠖諾膏訟鬲諳蠍咤闘叶呪咸咫痼味慝膨駕壁礪霑搶噬捐遣遺搭点霹擡噤捌擔蓑噫落駛忠邉墻強礦蛞叺咬号咥痴命巖澹蠎訌膕櫺鬪辯架剴唆蟇蝟胡副蝸蝋螳嬾寤紿碌圄僉險興國鄂碑滾風磅驅硝渟顎皓碯踰譖敲舌船戀敦燕劒幤佝嬖粘售剌嗔蝉螢計註笞咀諮訴棠諚咏匱咨哀呎礎足駱還浩趾擱囂嚶擘囃噛器捉囎儲谷邑谺駘賠塾鉐匿品咼呂闡辟只蠧濁諭論鯨諢証環剋蝴嗜榕蝠槁鷲襞鄲癌讀斫舸舐穰鼓譚譎譜硯碣踪歐隕譁硴敬舒燭讖殞佑襌蝶鏑嗚勅嗣枸唯診諠繭銅諛轅咎訣蠱蛩呀召澎周句塙涼跋掠嚼噂据韜囁囀嚴噎超知荳跌礁嚏嚔串塘嚀哂古匳蘗闢辞痞司叫蛻纈訶轄諜格諡設蝮剞蝣螯鏤楜襄籥槍或讃鄙燮讎窘讚殆釦毆顫歌隔渮硼譏譛颪穣譟顴硬滸僂停讓整舎舗域癖變促粭緘劔嬋覗怐蝪螫唱錮侃鬟咆銛咒蠻咲曩咽可呑牆賞礑中館谿儼儉違適荷矯儻露灌淌跏氈蛙咾呟慥哇咳諤崎訪屬諸諫繦訳蠡劼蝦珸剖枯鑄嬌何侶襁舖培敵拘舍焙讒拿姶滬譌碧渦鼕硫歛碪硲踵踉颯癩讐殕營薹襃楝榱寰鱧粡觀瑚蝿嗹許轗繰和訥蠣櫚諦裔轎犒諒狆叮鉛蛾慾呆臉礒嚊跂嚇噸噐邵凜涓韓短過凛矚損噌儺嚆趺礇澄辜叭告憬哄裕咄記咐諧憙咋諞蠢蠶膈勍唳珞嗟唾嗤鑓蝙胴猿紹榿楓鷺劍讌拾做皷傴燥踈驤歎穡踴叱皚湖髻蹊羣齬醇站蹇謡研騎躋雕蔀蔔躄藷拈扣喃保触客鶫喚蜂啀蜍問柘迦桔鸞諏誨哮懶吠蛉晧合吻愕賂沾河祠跫影壽跟豁禮嘶兄亟貂克事兌冲週這摘嫩彫沽厰哢畸誕鋸吼吉畐檐袞哭蚯誼筥疇啜鐵蜚営鐡勸患蜃蟻宮簑絮鰔估廱溏躑躅砕謠磴蹟毫醐磨蹐妬溶蹄艱溂藻躊雖扈躓艙躇喀綢常伽絡簓鐺啗別喨喻蜜蜩蟶獨詛迥濠詔誚吮晤狗梏沿堝貼亳跪郤革凋逧茹葺嘉凅嘯馘瞽嘴茄蓉活距賀貴豎蚣員虻誂狢吭吶臙認諍橋評詁諂漢尚衞詩蟷鍄珂鐶鍋蜀喩啖鳴觸喜僑盒難齪砂欲稟蹌熔軆程謳龠蹕熟飴砒謾齣阿瘡躍鎗伺鰊簍鍔啝嗅恪蟾商官櫃詑管課虫懿哥吽闌否檗區蚪況亶豊跖沼靄囓嘘况瀾瞶回葦鞳挌郡嘱烹冨瀲党娟治跣彭瞎跚豆冏堂語虱景臨誓鋭吾誇袁談詐嶮鸛濤獄啓蜑喰蟲獸嗄鵠善喋信喟容醴釀瘻飼群競齶謦羸滄蹂磽謫齠税砌騒抬躁僖倉艷酩廩俗帖喝孰俣鎔鰐椥啌恰蜊悪刮鶉啅鐙恫諌疎詒迚詆巉輻衛袷漱縞輯尋蚤鈷誑哦誅听蚫檀独誌厨感閲豐彈跡洳壷亜郭韋冶郢逼茗瞼沖菩瞻茖嘲造囑葫瀬禧亨豌禪洽貽跛路臺智誄含閾痂闊懽黨桐筈誰諄詞迢調櫁尅請蜒恬啄悦蜆嗇絽喇給喞喊廻簔攜艢藾躔高験謙謬罰
古,嫡箇個固兢罟倨蛄苦姑滴裾餬糊故踞鴣怙居涸痼胡剋蝴鏑据楜錮適枯敵瑚辜做湖克摘沽鋸估醐凅詁謫鈷葫尅
句,煦蒟跼檠鉤苟局駒劬驚警佝敬枸怐拘狗齣
只,枳咫
召,照髫韶招昭劭超邵紹貂詔沼齠迢
可,欹奇綺竒倚嵜寄謌羇柯彁椅碕婀掎痾呵猗埼軻苛舸訶剞歌渮荷崎何騎河畸珂阿哥
台,始胎颱怠怡苔紿笞駘殆飴治抬詒冶貽
史,駛
右,祐醢若惹諾慝匿佑
号,號饕
司,笥嗣覗祠伺飼詞
各,略閣輅畧洛貉酪烙咯蕗骼額落駱擱咎格露珞鷺客賂喀絡狢恪挌茖路
合,龕閤答箚翕荅哈鴿歙剳塔蛤峇搭粭拿姶拾盒鞳恰袷洽給
吉,橲熹廚詰結稠頡惆黠鱚鯛捨樹拮嬉襭佶膨擡鼓澎周纈舎舗劼鼕薹憙皷髻雕桔週彫鐵鐡綢簓蜩凋嘉瞽喜彭僖禧臺調
吊,嫦蟐常
同,筒洞興銅粡胴恫桐
名,銘酩茗
后,逅垢詬
吏,使
向,嚮餉
君,桾裙窘羣郡群
吝,悋
否,痞
含,頷莟
吾,衙悟梧唔牾寤圄珸齬晤語
呂,閭梠麿侶營櫚筥営宮絽
呆,褓褒葆堡棠襃保
呈,酲逞鐵程郢
呉,蜈娯誤茣虞麌
告,靠酷誥窖皓浩慥晧梏鵠造
呑,喬驕蕎矯嬌轎橋僑
周,稠惆鯛雕週彫綢簓蜩凋調
命,掵
和,啝
咢,鶚蕚萼鄂顎諤愕鍔齶鰐
咨,諮
咸,鍼箴撼減鹹憾緘轗鰔感喊
咼,禍萵窩蝸渦過堝鍋
哀,滾袞
品,嵒嘔嫗嶇髞奩操澡蕚樞甌懆噪驅癌歐毆譟繰傴燥藻謳區臨躁
員,韻圓隕殞損
哥,謌彁歌
唐,糖塘溏
善,繕膳
喜,橲熹鱚嬉憙僖禧
喬,驕蕎矯嬌轎橋僑
單,殫憚戰闡鄲襌嬋彈禪
嗇,檣薔墻牆穡艢
嚴,巖儼
囗,羶悃徊摑箇恩個褞鰮固禀擅瘟饂囲国茵茴図迴檣囿困滷圀圏鹹駟慍鹸圜薔薀圃蛔壇媼掴菌懍圍圖薗園幗膃涸麕圓痼墻膕圄國圉粤圈氤鹽鄙顫榲錮蘊咽牆泗氈姻團鹵凜凛穡因四箘団凅囮囚泅椢溷稟梱亶回烟廩檀囹嗇廻艢
囚,褞鰮瘟饂慍薀媼膃榲蘊泅
四,圀駟泗
回,羶徊禀擅茴迴檣薔蛔壇懍圖墻鄙顫牆氈凜凛穡稟亶廩檀嗇廻艢
因,恩茵氤咽姻烟
困,悃梱
固,箇個涸痼錮凅
国,掴椢
國,摑幗膕
園,薗
土,講垈湮垠蟯暑畤壓堰撓壞堤蓍睦握逹擇都睾徒跿報堙卦垉髯倒煮垣恚恃輊堪壤贅壟径待著贄壥饒蒔堽壑畦鐃鰭鵄垢坡稱熬褂経鰲壜壕挫蓋睡郵撻堺汢冉却檣橈綾坤垪倖坿奎煙坦廛肚鐸吐堵堡豬瞠堯壗場時藝溘酵垤坪軽基執在佳牡纎哉塞塊赱墟墅捏購赤壌走塒赫壅蛭楮幄幸燵陵窒苒埶戴驛姥薔譯姪渚驍埴劫怯篝甄纏蛯涯墳塋壇墾赦壊囈趙墓遘赳塑赧掛塹腟潴嗷庄幇埼薗陲截園塁起塩遠増境赭塔塀墺繊屋繞蟄硅薐敖緒澤繹纒懌赴媾壁趣社墜擡遶塚墨墻塗咥怪杜螳覯籖圸竃翹薯拷埖圉座闔墹塲越搆儲墫墸塾樫榁耆錘嗜圻埣陛殱窪鼇教埜圭粧耄耋轅塙賭超捶塰填塘曙屠者螯寺緻鷙傲埔埠圣圷竈陞域圧螫老崖牆澆墮趁遨涅達塵塡趨蛙咾膣哇崚諸侍猪圦培蕘燒埓盍陸偖地薹鏗耂崕栽栲痔特慳闥法嚇蓙塢珪考唾猿構覩燬埒渥穡毀坂藷啀疆鮭封哮至冓賍淕娃堅菱挂堋闍恠刧椡埀坎垂坩釋躇箸桎閨堝堆壙睹持韃凌壘堊懴袿桂詩到坏僥埃址城頚署垓齷垳坐蔆室琺街嶢瀦堂臻脚致袁裁峙勢坑溝埆熱稜奢型磽垰坊均埋褻等曉去堀再鞋逵茎摯睚堕臺載嗇鰹艢躔罫
圣,径経軽怪茎
在,恠
圭,卦恚畦褂奎佳涯掛幇硅窪崖蛙哇崕珪啀鮭封娃挂閨袿桂街鞋睚罫
坐,挫座蓙
坴,陵陸
垂,睡郵陲錘捶唾
埶,熱
執,贄蟄鷙摯
堂,瞠螳
堅,樫鏗慳鰹
堯,蟯撓饒鐃橈驍繞遶翹澆蕘燒僥嶢磽曉
墨,纒
士,艇妊饐挺橲恁酲続読壹壬衽熹廚詰馨壯檮結磬稠頡惆黠壮贖竇鱚鯛犢莊捨樹拮籌嬉殪續任弉霆儔擣志襭佶屆牘膨擡荏穀姙荘蠧覿讀隷鼓裝澎周涜噎賣纈舎舗痣仕霪凭劼鑄鼕殼薹庭婬憙轂皷殻髻雕桔梃売壽週彫賃吉愨疇鐵鐡奘款躊綢簓蜩蟶装壱凋嘉瞽声聲喜懿壻彭壼袵濤黷廷謦僖誌壺淫壷郢禧臺調
壬,艇妊挺恁酲衽任霆荏姙霪凭庭婬梃賃蟶袵廷淫郢
壮,荘装
壯,莊弉裝奘
声,馨磬聲謦
売,続読涜
壳,殻
壹,饐殪噎懿
壽,檮籌儔擣鑄疇躊濤
夂,梭鮗瞹嶐略閣輅輹終悛複峯畧洛冬靉貉後厦處酪謖復烙縫綾竣各烽禝稷咯柊陵蕗骼窿腹憂拠変麩額薐螽麺蓬落曖唆麪慶駱擱優駿麦苳夊降榎覆麸咎擾処浚麥格麹鑁蝮瓊俊夐夏露篷崚履廈皴鼕条麭珞鷺复隆酸客蜂賂菱愛喀絡鋒馥凌狢愎峻椶蔆恪峰逢挌疼嗄鰒稜絳逡茖路
夅,降
夋,唆俊酸
复,複復腹覆
夏,厦榎廈嗄
夐,瓊
夕,瞬椀宛名磔洌鋺蜿梦列隣鱗掖烈屍殘薨殤殫夘粲銘麟腋苑碗夥歿夙殪死腕斃夢殯儚餮憐侈窗殉蕣殄残移婉例拶殱傑殊鄰殞餐怨舞殆歹殲夛殍殖殃燦夜多燐舛殕液鴛殀舜薤外桀汐冽桝迯酩葬茗豌裂鵺
外,迯
多,夥侈移
夜,掖腋液鵺
夢,儚
大,謨頰奄欹奐攤関添壓摸換冪汰蚕聟鎹獣恩鷄羃美欸契頬罨飫奇帙綺喉蜈券魃篌嶽駄蓁关爨篋峡獻肄槻醫髮騰竢倚蟒喫嶷暎厭祓決撩茵貘瞭茯洟閹刔喬蜘寄奎溪奚套奕奩倏羇妖煥鶏鐐衡畉跨禊嘆挾茣送撚臭綟椅俺糢伏奨奏奔謄太夾驕類碕春秡快泱捩擬莽泰掎纂蕎戻夲踟驀缺渕夫鴦寮繚樊麌墓掩忝慕憖猗雉埼拔失飆夬突鷯嗾秧涙矩遼灘礬礙秦墺犬懊麩庵寞渓軼夭蟆胯映遷揆匏痴蠎潦笶膜蟇侯侠幕癡族央夷窺然陜癸猴鑚榛鯵矧器賛秩鉄状惨燠皋僊英楔猷献麸訣纉昊替氤跋捺擲知莫凝跌嫉潜笑剞怏惷讃夸譛療瑛棒咲鋏咽呑谿矯捧崎銕澳巻嬌鴃舂陝殃天翳姻姨薙鄭佚規轎医矢短霙矮矣儺莢趺浹礇模蠢唳襖殀歎渙蹊奬奥芙騎攅喚獎默漠闃吠暸决因葵畸哭疾黙刳募躑扶燃候燎奘抉躾艱簇獏疑袱輦尖挨靨葢狭輳橋桍漢簒俟俸僑埃難奧奪羹奮嗅朕瓠鏃黶袴畚烟韆挟臻参暮誇獄獸鰆奢奠湊奈攀俣椥魘爽狹菴沃淹鞅智痍袂黻峽筴迭椿僚僣蔟奉
天,関蚕聟鎹欸喉篌关肄醫竢嶷蜘送奏擬踟渕雉嗾矩礙揆痴笶侯癡族癸猴矧昊知凝嫉咲矯翳薙医矢短矮矣葵疾候簇疑挨輳俟埃朕鏃湊俣椥智蔟
太,汰駄葢
夫,攤帙槻鶏畉嘆失灘麩渓軼窺鑚賛秩鉄麸纉替跌潜讃譛佚規儺趺歎芙攅扶艱輦漢難迭僣
夬,決刔快缺訣鴃决抉袂
夭,添飫喬妖驕蕎忝笑呑矯嬌轎殀橋僑沃
央,暎泱鴦秧映英怏瑛殃霙鞅
失,帙軼秩鉄跌佚迭
夲,皋
夷,洟銕姨痍
夸,跨胯匏刳桍瓠袴誇
夹,峡狭挟
夾,頰頬篋挾侠陜鋏莢浹狹峽筴
奄,罨閹俺掩庵菴淹
奇,欹綺倚寄羇椅碕掎猗埼剞崎騎畸
奈,捺
奉,棒捧俸
奏,輳湊
奐,換煥渙喚
契,喫禊楔
奚,鷄溪鶏渓谿蹊
奠,擲鄭躑
奥,襖
奧,墺懊燠澳礇
女,奸妾妊妓褸褄孀綏縷魏嫡娶堰瀛案恕拏妝姆妲始妄宴孃嫖娼娉娵按娠嫣娯嫗妁晏娘嫦娥鮟巍妛妻妨如妖妍藪孅椄悽嫐妃姐姫侫努痿呶嫂婁媚婀駑嬶嬢姥姑姓姪數楼螻樓嫁媼霎媛婚嬉姦髏籔嬬嫋嫌婆櫻棲珱嬰姚姜窶嬲媾媒媽纓嬾嬪委姙嬖餒嚶萎婉佞姿薮屡腰嫉婢鏤数僂嬋婦接萋弩婪嬌姶姻姨婬矮婿要怒偃娚嫻娃嫩桜絮好妥妬妹妙安鞍嫺茹凄威汝娩娜帑倭簍瓔娑逶娟淒縅瘻姉奴妣鰄洳鸚孥
奴,拏努呶駑弩怒帑孥
如,恕絮茹洳
妄,侫
妥,綏餒
妻,褄悽棲萋凄淒
妾,椄霎接
委,魏巍痿萎矮倭逶
威,縅鰄
娚,嫐嬲
婁,褸縷藪數楼螻樓髏籔窶鏤僂簍瘻
嬰,櫻纓嚶瓔鸚
子,孛椁孔享乳桴孕悖孜孩孚俘字暾蜉廓槨燉孝鐓淳艀孑惇孟學酵斿荐潺猛浮李游敦遊塾教蝣拵殍遜仔栫斈渤勃醇孵哮菰吼好季孺熟孳悸厚郛学孤孰孫存鶉郭諄孱孥
孔,吼
存,荐拵栫
孚,乳桴俘蜉艀浮殍孵郛
孛,悖渤勃
孝,酵教哮
孟,猛
季,悸
孤,菰
孫,遜
孰,塾熟
孱,潺
宀,寃綻定聹它宗縮檸狩案暄演綜宍寂椀家宴字宛宏貯按縡宕宜宵騫稼富寅宅完獰疉詫濘晏箜鮟蛇鋺濱宋実蜿宰寄宿謇竚鶴密喧宝淙瀋宇寇綰害椌竇竊窓舘苧寔寛侘塞莞搾鬢紵寡窒穹窰竄窿窟窄粽寮牢浣嫁菅擦駝腟棺樒割鴪寢碗院確竅窩碇突窕寝實寒腔憲賽掟萱搴腕柁寓寧寞穃額殯窶窖舵寥咤擯浤鉈寤寐嬪寫察窃窗竃窺寵審諚婉棕榁榕寨佇陀窪穿踪穽寶鏥諠崇邊淀嚀轄窘竈窯空窈寳館賓邃膣繽究窮穴滓皖寰鴕佗錠控蓿萓蹇客豁瀉誼宮宣倥溶喀糘寉安蜜鞍蓉沱愃檳守熔宸室聢官詑管瞎宙宥容鎔啌豌櫁宦
它,蛇駝柁舵鉈陀鴕佗沱詑
宅,詫侘咤
守,狩
安,案按晏鮟鞍
完,莞浣院皖
宏,浤
宗,綜淙粽棕踪崇
官,綰舘菅棺館管
定,綻碇掟諚淀錠聢
宛,椀鋺蜿碗腕婉豌
宜,萓誼
客,額喀
宣,暄喧萱諠愃
室,腟榁
宰,縡滓
害,割轄豁瞎
家,稼嫁糘
容,穃榕溶蓉熔鎔
宿,縮鏥蓿
寅,演
密,樒
寉,鶴確
寍,寧
察,擦
寧,聹檸獰濘嚀
審,瀋
寫,瀉
寸,蹲專狩畤尉椨簿磚欝恃鋳待蒔蔣醤謝拊廚愽蒋蒄冠檮坿溥罸吋鮒得畴時奨村符麝賻塒樹碍蕁籌鏘腑付腐潯膊討幇陦轉忖儔擣遵府薄鱒柎闘蓐甎鬪辱蓴墫傅傳紂耐樽嚼噂囀涛寺苻対慰搏慱鑄侍耨團附埓寿榑痔特咐埒奬褥獎封壽疇躊蔚肘對専祷団持爵尃梼詩導縛守熨奪俯將縟尊摶峙将濤槫酎溽射等尋博厨漿尅
寺,畤恃待蒔時塒侍痔特持詩峙等
寿,鋳畴陦涛祷梼
封,幇
尃,縛博
射,謝麝
将,醤蒋奨
將,蔣鏘奬獎漿
專,磚轉甎蓴傳囀慱團摶槫
尉,慰蔚熨
尊,蹲遵鱒墫樽噂
尋,蕁潯
小,齋黥縣尠京瞥瀕寂蹙沙徐哨蹴迩畭撩瞭逍凉鈔懸濱椒蔽抄俶椋鐐就途督愿暼鯊袮頻県鬢敝歳寮繚纛餘捗眇弥叙余穆隙鷯屑遼秒斎鼈斃殯斜敍省擯莎塗潦瑣劣嬪除渉弊裟鯨鷲戚杪涼掠紗敘雀渺願顰歩療寳叔賓炒繽幣穢陟諒蘋荼称憬勍緲隲蜍暸影亰原槭燎毟妙珎尖菽祢檳鍄砂尓娑景源淑少僚
少,尠瀕沙鈔濱抄鯊頻鬢捗眇秒殯省擯莎劣嬪渉裟杪紗雀渺顰歩賓炒繽陟蘋緲隲毟妙檳砂娑
尓,迩袮弥寳称珎祢
尚,嘗當嫦廠瞠蟐敞甞裳償掌襠螳幤棠賞礑儻淌厰常鐺蟷党堂黨
尞,寮療
尢,稽蹴就疣尤犹鷲尨肬厖
尤,稽蹴就疣犹鷲尨肬厖
尨,厖
尭,暁焼
就,蹴鷲
尸,尻握君漏尼尉伊尺駅択釈僻桾尽尾倨倔沢跼尿薜屎甓遲潺裙屍幄窟璧屏局裾避展屁踞碾譬侭居屑塀臂屋屐劈屆臀咫壁霹昼昵届属屓殿嬖呎眤擘泥辟襞怩笋犀屡据遅蘗闢屠屈窘癖層慰掘屬訳履癜澱矚崛渥穉羣躄鋸梶蔚鈬輾熨齷檗郡嘱群刷堀囑尹孱
尹,君伊桾裙笋窘羣郡群
尺,駅択釈尽沢侭咫昼呎訳鈬
尼,昵眤泥怩
尽,侭
尾,梶
局,跼
居,倨裾踞据鋸
屈,倔窟掘崛堀
屋,握幄渥齷
屎,屡
屏,塀
展,碾輾
属,嘱
屬,矚囑
屮,溯厥蚩瓲艸逆愬鈍芻蹶鄒塑蕨遡闕純屯趨槊噸邨嗤皺獗蒭雛沌頓朔飩
屯,瓲鈍純噸邨沌頓飩
山,嵒巌嶌豈徽嶄嶐嶋峭輌鎧嵌峠嶽峯嶝揣嶇嵐峡嵋喘柮嶺嶷徴嶂嵩嵜巍妛磑倔綱密嵎鋼祟乢黜嶼峪端催崙巒岻岨岔凱岩岼崘巓覬窟岷繃仙遥炭樒岶嶺薇屹出峇岳崢岾瑶峅岱岑岌岐巖剴圸猯崟岡崋屶辿棡崑瑞惴癌崇澂屈幽拙崖掘崚崎崗杣剛岸岫崕崩両搗咄崛崔岬榿皚謡湍島嵳疝峺嶬満峩揺摧峻峨嵬峰嶢嵯峙嶮朏艷槝糶嵶巉豐微堀汕懲閊峽黴攜
岡,綱鋼棡崗剛
島,搗槝
崔,催摧攜
崩,繃
嵒,癌
巛,獵徑經緇輕輜逕剿鬣鯔痙癰瑙巡莖災樔碯錙腦剄拶勁惱鑞廱頸勦臘脛
川,酬旒醯帯馴蔬州荒訓慌丗流釧駲侃㐬硫滞毓順卅疏棄洲梳琉
州,酬駲洲
巣,剿樔勦
工,筑貢靈徑誣鵐扛髓肛虹箜檮檣經蹉輕橢逕試恐椌攻拭瑳左痙巧軾薔蕁籌巫潯腔儔矼擣磋穩鴻覡差莖噬墻訌膸搓剄槎蛩弑功楕佐隨空隋杢牆墮式鑄勁隱缸惰噐控嗟杠紅穡項嵳跫壽江鞏疇倥頸熕躊汞築筮嵯濤啌尋脛縒嗇槓艢
左,髓橢膸楕佐隨隋墮惰
巨,矩炬秬拒苣鉅渠距
巫,靈誣鵐檣薔覡噬墻牆穡筮嗇艢
差,蹉瑳磋搓槎嗟嵳嵯縒
己,葩饌祀垉熈撰忌熙把鮑靤砲悒囘抱妃苞圏萢包癰耙炮杞胞起遷匏庖巳邑鉋巽笆已紀港僊皰選枹咆巵巴巻杷滬麭泡巷記飽煕改色絶廱扈梔疱肥倦配爬韆琶芭髱艷蚫鞄袍艶雹
巳,饌祀垉熈熙鮑靤囘苞炮匏鉋僊皰枹咆麭煕疱髱蚫袍雹
巴,葩把悒癰耙邑笆巵杷滬色絶廱扈梔肥爬琶芭艷艶
巵,梔
巷,港
巻,圏捲
巽,饌撰選
巾,帽啼箒蒂冪晞啻帳羃帙帥棉逓帰師帯吊嫦閙帷肺蓆箍蟐鰤席綿帶幌幅掃幄幟締匝製唏幇緜楴旆幗幃幎幀幔鯑鬧幕幤珮怖掣霈歸錦凧滯幢婦幣佩滞幡篩諦柿帆帝蔕飾蹄常帋衞帑希稀獅乕菷沛帛欷姉市帖刷制帚布
市,閙肺旆鬧霈柿沛姉
布,晞唏鯑怖希稀欷
希,晞唏鯑稀欷
帚,箒帰掃歸婦菷
帛,棉綿緜錦
帝,啼蒂啻締楴諦蹄
師,鰤篩獅
席,蓆
帯,滞
帶,滯蔕
常,嫦蟐
幕,冪羃
干,奸罕肝刊鮃逹擇睾報悍贄啣刑午垪倖稈扞妍瓶鐸桿坪鼾執幹忤泙岼幸驛譯枅杆屏捍荊澣楠苹併駢餠塀蟄怦訐栞澤繹懌秤圉萍骭軒平献笄餅鷙滸并幵剏杵胼許岸駻遖年研喃絣竿旱釋卸迸評御汗形開型南禦摯
平,鮃坪泙岼苹怦秤萍評
幵,刑妍枅荊餠栞笄研形開型
并,垪瓶屏併駢餠塀餅剏胼絣迸
幸,逹擇睾報贄倖鐸執驛譯蟄澤繹懌圉鷙釋摯
幹,澣
幺,絃爍畿茲饑鷄黝後酳磯蓄擁饗藥溪奚聨郷磁嚮弦壅胤拗蟀鑠樂甕礫響牽麼斷舷轢鉉眩雍繼關幾擽慈櫟幽譏顯窈隰谿呟幼幻蹊衒濕機孳率滋痃畜聯玄
幼,黝拗窈
幾,饑磯譏機
广,廬魔椨廟廐廝縻嘛靡廓簾蹠廚廣糠廖絋廢糜軈砿廛廠摩蓆糖廡席麒麝鉱昿麓麾庇床廊鷓拡鷹腑纏麑麌麟麋腐麿庄廏唐序麻膺曠麕麁麼府庁底庵廁傭康廃広店庚麗応遮礦庖廂鱇庶渡座鹿轆應慶慷度粧庫庸鑛慵塘濂薦廉灑塵麈庠廈驪庭擴蓙儷鏖廰賍漉廱溏磨蔗廳壙俯廩鍍廨躔
広,絋砿鉱昿拡
庄,粧賍
府,椨腑腐俯
度,渡鍍
座,蓙
庶,蹠鷓遮蔗
康,糠鱇慷
庸,傭慵
廉,簾濂
廛,纏躔
廣,曠礦鑛擴壙
廴,艇挺廸鍵健霆莚涎腱庭梃誕延蜑廷建廼筵蜒廻
延,莚涎誕蜑筵蜒
廷,艇挺霆庭梃
建,鍵健腱
廾,誡漕篇借體扁褊彝尭糟飜帯蟒卉囲飛騙聨算彜暁槽艚奔鼾崙腆噴莽纂膿崘惜嬶曹墳展碾鑰丗弉鼻峅儂遭蠎籍弊曲論藉翩穽焼嗣農濃昇弄籥編戒陞耕枡濆弁侖偏滞鱧錯憤丼弃嚊遍措昔諞蝙舁倫廿冊禮典哢升刪鵲醋髷椣卅賁畊輾輪簒軆龠淪豊跚械棄珊醴綸柵棆葬井艶
廿,謀攤鰈柑勘尠懣箝鞠靺韈靭某稘廝嵌堪鞣靴鞭靼蚶蹠酣槿帯篏撕靱鞦其靫厮箕蹣羇蓆鞫鞘席椹帶旗煤斟基戡碁瑾麒甞鷓紺懃紲籏甜丗嚥世憇糂緤拑滿楪楳邯遮霸媒甚庶渡燕度覲蝶甘諜笹覇覊滯鉗牒碪渫滞斯淇儺讌簸朞鞜鞁嘶鞨葉鞴鞏疳蔕満騏艱蔗羈坩期勒祺鞍泄瞞革韃臙湛貰鞳韆靹鞆棋棄喋欺鞐鞄鞋鞅饉棊鍍鍖
弁,峅弃
弄,哢
弋,垈蔵伐鵝誡畿貮韈摑贇贓饑臓臧濺誠鵞蹙義絨淺箋臟晟磯鍼箴撼貸娥閥孅筏黛践試羲武減戉拭戡襪鹹織纎哉曦纖幟戠殘戴戯藏戈踐軾斌歳犠戮戳截幗儀憾繊戲戦識議戰惑岱銭犧咸膩膕籖國戛戔残越莪餞餓杙俄殱戎戚讖幾籤弌弑弐鉞或戍殲譏戒域戝緘式賦棧錢戞戊穢我戌錻轗栽蛾礒賤弍浅代牋戟成鳶賎懺嶬筬鐵鐡蟻鰔槭盞峩馘威懴袋峨機艤城鵡裁械縅職玳蔑熾綫鰄哦感賊貳茂閾載桟喊盛找滅
弍,膩貳
式,試拭軾弑
弓,躬鰯彌拂彊蒻沸梯悌彎洟蚓廢鵜彁湾弾弧灣搦弦穹第鬻弘弱弥張嫋弼弯怫癈弭強發夷矧粥泓涕弟弸佛剃弔弛弩引繦銕襁窮姨弗弖髴鶸疆睇彿撥費俤溺漲狒嵶彈瀰痍
弔,梯悌鵜第涕弟剃睇俤
引,蚓矧
弗,拂沸怫佛髴彿費狒
弘,泓
弟,梯悌鵜涕剃睇俤
弯,湾
弱,鰯蒻搦嫋鶸溺嵶
張,漲
強,繦襁
彌,瀰
彎,灣
彑,篆亙彝恆彖喙彜掾碌櫞剝蠡彙縁冱互椽沍祿
当,档
彔,緑録
彖,篆喙掾櫞蠡縁椽
彗,慧
彡,衫醪髯髭髢鰺疹髣髮髪摎廖髦髟髫蔘彩須鬣諺鬢驂蓚戮穆繆鬱鬘顔顏滲寥膨餮樛殄鯵蓼鬚惨軫偐診澎鏐鬟慘趁杉膠鬆髻髴彬影彰彫尨髷簓彦彪珍參囓彭形参厖髱修勠袗畛謬
彦,諺顔顏偐
彫,簓
彭,膨澎
彳,鵆絎徳從徊従徇徒徽役衙律径徐徑葎待後蹤縱衢哘復徼征往徴徨縦衡徂徃得樅薇屐覆慫銜履行循彿桁聳衝衒徹徙徘術裄衞垳街彷徠很御愆衍衛微禦彼徭懲黴
律,葎
従,縦
從,蹤縱樅慫聳
御,禦
復,覆履
微,薇
徴,懲
心,総綛聹檸愈懣徳祕瞹愡恁恕悶恩恚靉忌必鐚獰濘撼懸軈密悲濾總愬忍愿悳恋恐謐偲窓惠鑢慂憩惡顋隠偬惣怠惚懃臆億憶憂憖樒穂急唸怱憲志態懇憾憊憇蟋寧穗穩蕊惹惑憑慝応噫忠曖懋慇穏戀棯應慶捻優忿忘慮怎蘂忽擾嚀慈瑟怨惷癒想痣慰慫慙隱轗鯰慧慾荵念秘腮憙思怒廰聰恵愁愛愨意息患廳悉蜜愍泌認愚恷聽恣悠稔熄鰓懿沁檍愆芯悪聡誌感葱懲櫁聴恙恥
忄,悚悗悃恨愴愡愼愉悖悍悛悔悴恃悼悩恂悵恍悁悌恆恒情愽懐愾愧恊悟悋悄悒悽惆懦恟惇罹怺憔慎慚忤忸快慍惜怯惚憚憎慨憺懍憶怡怙懆慌忖慟慄憾懊惧惓怫怦懌慊慓憐怪性惟怖慢忱忙忰慷慣懈惨惻惴惶怜怩怕慵慴憮慯惺怛怏怐憧慘慥慱惘惰慳憫憤忻憬惱懶愕懺愀懷恠恢懼愃愎懴悸恪恰恤悧恫懾懽恬悦
必,祕密謐樒瑟秘蜜泌櫁
忍,綛荵認
志,痣誌
忝,添
忩,総
念,唸棯捻鯰稔
忽,惚
思,濾偲鑢顋慮腮鰓
怱,愡偬葱
恣,懿
息,憩熄
恵,穂
悉,蟋
惟,罹
惠,穗
惡,鐚
愈,癒
意,臆億憶噫檍
愛,瞹靉曖
感,撼憾轗
慮,濾鑢
憂,優擾
應,軈
戈,蔵伐鵝誡畿韈摑贓饑臓臧濺誠鵞蹙義絨淺箋臟晟磯鍼箴撼娥閥孅筏践羲減戉戡襪鹹織纎哉曦纖幟戠殘戴戯藏踐歳犠戮戳截幗儀憾繊戲戦識議戰惑銭犧咸膕籖國戛戔残越莪餞餓俄殱戎戚讖幾籤鉞或戍殲譏戒域戝緘棧錢戞戊穢我戌轗栽蛾礒賤浅牋戟成賎懺嶬筬鐵鐡蟻鰔槭盞峩馘威懴峨機艤城裁械縅職蔑熾綫鰄哦感賊茂閾載桟喊盛找滅
戉,越鉞
戊,茂
戋,践銭残浅桟
戌,韈襪歳戍穢蔑滅
戍,畿韈饑磯鍼箴撼減襪鹹憾咸幾譏緘戌轗鰔威機縅蔑鰄感喊
戎,絨賊
成,誠晟筬城盛
我,鵝鵞義娥羲曦犠儀議犧莪餓俄蛾礒嶬蟻峩峨艤哦
戒,誡械
戔,濺淺箋殘踐餞棧錢賤牋賎盞綫
或,摑幗惑膕國域馘閾
戚,蹙槭
戠,織識職
戸,篇肇扁褊所煽鈩肩騙扇綟捩炉粐戻涙舮房枦翩顧編偏滬雇遍諞唳蝙扈芦綮扉啓
戻,綟捩涙唳
扁,篇褊騙翩編偏遍諞蝙
扇,煽
扈,滬
手,欅拏挈挙攣摩撃看拜擧搴掌襷掣擘拿拳湃承攀摯
扌,抜投攫攘抵才攤押箝撞撓摸握擇摑換挺撲撒抻攬扎技抔抛抂抖攪拂拍払閉豺按揖逝撰揚揮振擅揣財扨扛抗抃抓把択拊拇撕撩撼摂擁挿挫插摎撻拆批抽抒抄打扞挧操提擂挾挽撚箍哲抱担拌抑拭掖捩捜搾捕擬搦捨揃捏掃掎材拮拗拡捍掵掩掻推描捗擒搬掴揀擦掀掏掛拯招拠拔拐籀掟擢揄擣據拑括拓浙掾搶捐搭擡揆携擠捌擔掲擯排拒拝拷擱捻搆搓捉探拶授掠捺据擲捷擽擾揉捶採掉拵拙拱捲掬擺搨接搏擶搜捧掫掘拘犲搗擴控捫損措搖拾扮攅拈扣援挂揩摘拉扶抉攝扠挨撥撹揺摧持撫揶撤扼扱撈挑摺挌挟摶誓托抹抬晢撮播指攜找披折
才,閉豺財材犲
折,逝哲浙誓晢
拑,箝
拜,湃
擧,欅襷
支,妓技伎翅枝屐岐鼓鼕跂瞽肢
攴,政冦撒務放絛贅熬鰲徼徴倏檠寇攻繁蓚繖嗷救故驚竅薇敕牧敏警敖敍枚篠覈敗敲激鼇教敬薮螯緻傲数整霧遨敵敷散霰邀做改嫩檄筱攸徹撤悠致倣修脩條微懲滌
攵,巌瞥徽孜肇暾燉收鐓攷蔽藪廠暼鶩攴敞敝數赦斂籔鼈斃巖釐敦幤弊嚴澂敘效變螫儼幣傚轍敢瞰厰畋愍厳橄綮瀲啓黴
攸,絛倏蓚篠筱悠修脩條滌
放,贅熬鰲徼嗷竅敖覈激鼇螯傲遨邀檄倣
故,做
效,傚
敏,繁
敕,整嫩
敖,贅熬鰲嗷鼇螯傲遨
敝,瞥蔽暼鼈斃弊幣
敞,廠幤厰
敢,巌巖嚴儼瞰厳橄
散,撒繖霰
敦,暾燉鐓
敫,激
敬,檠驚警
数,薮
數,藪籔
斂,瀲
文,贇虔馼吝蚊悋斐剤斑斌緕斎顏済偐対紊斈紋憫斉閔旻
斉,剤緕斎済
斌,贇
斗,魁抖槲斟斜蝌萪科斛料斡蚪
斛,槲
斤,嶄廝柝逝鋲所蜥撕厮梹拆漸兵哲新慚釿皙噺掀塹析岳鏨斷浙斥斬訴浜丘邱圻斫泝斧質淅慙薪断斯匠忻芹暫祈嘶蚯躓近晰駈誓欣晢听沂槧折
斥,柝拆訴泝
斬,嶄漸慚塹鏨慙暫槧
斯,廝撕厮嘶
新,噺薪
方,旒謗放芳贅髣熬鰲徼旛妨葹旗圀旄舫旋斿紡旌旅嗷枋施旆竅籏嗾膂唹旃敖於房旁膀覈族磅游激餝遊榜鼇邊蝣螯傲傍錺遨訪鯲敷邀楞肪檄魴滂旙簇蒡閼鏃彷倣坊淤蔟防
於,唹鯲閼淤
施,葹
斿,遊
旁,謗膀磅榜傍滂蒡
旅,膂
旉,敷
族,嗾簇鏃蔟
旗,籏
旡,廐簪无既曁漑慨譖潛概蠶僭厩
既,漑慨概厩
日,罩謨羶竸奄竟旧電帽鰻褐胆縮漕詢暑晝爍晒壓堰堤蓍嘗摸葩徇都亘葛冪禺乾饅曄晞詣暄輹鐔鰉廟悍廐糧借羃煉旦體謁稲欄滉罨湶妲稽湯煮垣拍藕絏宴複蜴暝檪鮨棉疸娼混瀚菓冥揚鞭靼著擅洩蒔暾晄晋箟袙晟曇暇縵縉悼恂鶇鰭糟簪旬罎竭藐煦綽恒暗暃暎箔晨晏厭壜復徼菖撩挿貘瞭泉馨徨晩晁閹嶂筍篁暖鍠觴宿照藹藥稈湿竡旭煬坦勵鐐喧獪衵濳桿黯嵎晃暴堵豬提瀑得場哽曁愿爆畠暼時魄暁槽俺糢綿簡担艚瘍章穐寔幌幹線惠猩剿潭樟織腆曦曝春蘯凰韶捏塒膿昿潮惜楮榠幟楷戠癘殤温驀薀顆踝皙渚碍焔蕩白佰寮蝗猖蝎繚憎鯣腹曹臆壇捍韻墓掩億韵婚昧慕書腸蘭憶甑膾憂澣膓潴岶鑠緜緡粳焜百夥題穆竅皈顕隙偈舶陽廏鷯幎柏繝樂曠弼礫萱遼増響境萬赭昭曜昶鬘庵寓果寞螟陳識渇習穗翫踏陥楾粨幔鱆緒蟆裼轢巣諳蠍映曚昴是礪儂荀遭音掲菎噫昼蘰曖昵樔潦膜鯤覈蟇粕籍幕楽偶殉竃皓隍皇歇譖薈薯但榻錬鏝裹棔激曳甦星曾慢匙墹塲賜遇優囎儲墸曽曲昌裸櫓崑栢東耆錫嗜璋便藉皆譚階譜的障碣皐皋癇蕈惶鏥覆杳怕錦農諠潛濃澗昊易昇替賭擽擾遑莫掉昆慴曙慯腥屠潜櫟杲蝮惺者怛惷鱠練燗顫願譛顯硬療偕隰蝪覃唱層繪曩曼昂曵萌搨涅遏氈更明昃樶諸履鏡瑁猪傷碧皀隅皖偖薬鱧蝿錯剔蠣棹昜邁駻韓蓿措噌草邀臈昨昏曷昔憬腺模諧棟蠢蠶楊覩斡戟陌偃翰皃复皎皚盟藷僧簟絢珀暘漠狛梗晧袒暸暫鞜彙泊影禮亰児沓典鞨揩彰瞑冒暹梍晦闍檄卓意峺魯原棍朝募鰛鵲糲宣艪倬燎醒醋羯髷旱盪躇椣獏勦箸晰晤洵冐嫺馥香睹靨愃愎愚暦橸濕迫瓸軆湟署謾旨旻槹勗黶厚縄課脂暢晉亶豊冕靄摺瀦貌贈景檍暮晴桓職最鰆鰒帛褶瘴醴蔓量早奢醍溟旺倡源僭熾伯椙喝啅諌魘暉曉晢晶檀兜撮菴凍貊亀嘲指淹汨智闇普檜暈漫間會椿艶僚煌僣
旦,羶胆晝亘暄糧妲湯垣疸揚靼擅恒觴煬坦喧得場曁担瘍蘯殤碍蕩壇腸膓陽萱昼但塲諠慯怛顫蝪氈傷昜楊暘袒宣盪愃暢亶桓量檀
旧,稲焔陥児
旨,嘗詣稽鮨脂指
早,罩乾鐔廟瀚悼綽嶂章幹潭樟潮澣鱆璋譚障蕈掉覃棹韓草斡戟翰簟彰卓朝倬瘴啅嘲
旬,詢徇恂筍荀殉絢洵
旱,悍稈桿捍駻
昆,混箟焜菎鯤崑棍
昌,娼菖猖唱倡椙
明,萌盟
昏,婚棔
易,蜴鯣裼賜錫剔
昔,借惜籍藉錯措鵲醋
昜,湯揚觴煬場瘍蘯殤蕩腸膓陽塲慯蝪傷楊暘盪暢
星,猩腥惺醒
春,惷蠢鰆椿
昭,照
是,堤提寔題匙醍
時,蒔塒
晃,滉幌
晉,縉
普,譜
景,憬影
晶,橸
暴,瀑爆曝
曇,罎壜
曲,漕體糟槽艚腆膿曹儂遭農濃鱧禮典髷椣軆豊醴艶
曳,絏洩曵
更,鞭哽粳甦便硬梗峺
曷,褐葛謁竭藹蝎偈渇蠍掲歇碣遏臈鞨羯靄喝
曹,漕糟槽艚遭
曼,鰻饅縵鬘幔蘰鏝慢謾蔓漫
曽,憎甑増層噌僧贈
曾,囎
替,潜譛僣
最,樶撮
會,獪膾薈鱠繪檜
月,溯齟蔡羂肝育胆朦輸梢脱愈壓瀛撒臓愉峭縢筋朧柤廟肓砠體鵑肌背蜻肱畳臑祖壟兪脾狷脳臟哨胄宜肋悁宵酳蔣謂髓騰藤龕肛絹鶺肴情蛆脣厭贏静逍有肩悄組鷂龍肚鶻胃肺胎橢脈脯愬臚沮徂囿鞘撚狙脉鍮肖羆倩謄髑姐猜胥岨腆莇揃膰膿腓潮胤胸襲窰骼楡瑤胝鏘剪膝繃膽腑腹臆遙趙消萠擦塑餬腟腋腸膳蘢膾繖膊膓錆胞籐糊精覦髀骨髏髄骰渝粗胚膚屑繝膃膺腔菁遯揄遡態腕蛸臍臂膂耡蝓胖翦磆清胛胯膏膀臀腎膨炙租且捐霸霄膩膵膕膜蝟胡察硝踰然寵侑咀膸膤腦諭胱胙蝴雎陏骭滕渭癇偸籘棚腰腫腿弸腱腥覇削能楜楕隨燗隴癒硼随際渣隋苴俎墮萌擺擶腴明膣潸助猾瑜前槊榾籠骸滑散瑚胼瓏惰崩銷臉霰郁涓萓搖婿淆臈腮膠腺轍膈胴湖奬盟朞肪獎疽靖堋脹脅鋤誼疊朝燃謠醐蹐罷肘朋勝喻期聾詛脇臘誚脊冐嫺徹靜逾靨撤豚祭冑爼箙臙脆肥喩肬鵬煎阻瘉股朕勗將黶脂壻賄瀧睛娟脚晴鮹望朏肯朔宥喟瘠羸熊朖肢肭服魘箭鮪脩嘲葫青堕徭脛疂漿請査朗稍
有,肴囿髄侑陏随郁淆賄宥鮪堕
朋,繃萠棚弸硼崩堋鵬
服,箙
朔,溯愬塑遡槊
朕,騰謄
朝,廟潮嘲
木,稾欅謀酥悚椁検孀悃鰈朽柑柬魔檸梭梢桼魏爍靺速黐案檬橲桴橦獺某未柤椏椛椨休椀綵龝煉欟稲欄稽稘稿欒欝藜藕褓植本柝朱桶述檪縻鯏箱棉橿鮴橘私鞣菓禁嘛蓁靡茱乘沫秀爨爛橙梠档桷梯刹柞柧鶇鍬朿末染椚椎褒槻槨稱權頽竦磔稙髞稼槿様啾柚利朴柮蜥檢桾桧橡秋禿瀝茉鞦葆馨漆梹檮巍檣橈策柢宋椒槙糜藥欖稈稻稠湫湘頼椋椄柯朷机朮柔桿梧橢魅誘深禾堡彩操茶透菜摩困梦檠桙札朶椅槽椹椌槲煤種稷穐新焚藁糅枝楢業柆剰村剿栂栖篥樋樸澡樟痿秕秡霜麓樹樌麾栗樅栃柊材枳束床楮枇榠楷顆踝皙紮枌楡極親枅楼杆耙樓栩樞樊膝蛛痳噺霖莱菌揀秣銹昧痲蘭懍蠑憖棺樒麿鑠杓耘杞柄析楯楴籟榮楠枋癪蕀癧夥穆穂積歴敕楫榧柏李枴核麻栄樂鬱黏鉢懆秧礫噪礬秒秦麕慄櫻櫨辣麼麩樗棲根耡柁嗽杖枩緤襯果枕楙襴隸陳穎穗穃穩薐林楾楪枚楳蝌柎枷杏轢栞権黎巣篠棘栓味租秤眛萪凩噤媒科秬甃懋樔黍櫺轣樛架杜杁嬾廂籍寐楽穏委穀釐榻楚榴錬榔板剌榛杰杤麪棯裹棔標棠牀礎移萎囃探秩棡棕裸櫓樫櫪犂櫞栢来東榜杙榁耒枦榕槁寨体藉穰渠穫傑埜殊楔槎槃蝶杪松來勅榎珠杳枸森栴棚棣樽櫑棗蘂蘖弑擽揉萩採賚蘗横麥諜格校犁櫟杲枹概楜楕槍練襟渣穣譟整楹榲枉杢耜杭想耕枡樺棒樮櫛樣蘇牒蘓淋莠婪莉淅痢樢樶笨諫潸栫棧枠枯杷杣榊耨槊榾槇楸薪殺穢渫癩薬襃楝榱槌侏杵条榑杉杼枢繰和栽麭櫚棹栲呆烋凜矮称秘樵鬆模棟株銖耗杯剩杠榿楓襍構楊楞集燥踈穉穡躰相采雜椴保鶫椈綉柘柿桀梺桔懶梃梗愁彬彙嫻靂葉菘嫩梍愀檐檄桜梶棍橇桁柱椡槭躱磨妹溂藻椣鰍朸柳柾勦梨桃桎梔箘晰梛梏馥沐香秉梁暦梵檳橋術橸桍機梼橄桂恷琳俐季椶椢稟程稀稔倭鰊椽椦槹啝悸櫃桝閑梱築課框檎闌檗梅徠淞瀾逶貅洙臻檍梟棋桓械棄櫂槫簗喋槐椪稜罧稗醂蹂稚税抹躁攀廩椙椥槝蜊刺柩悧柵諌疎棆檻桑漱誅條檀凍菻瀬乗梓誄檜桐棊桟櫁梳柴査槞喇椰槓槧椿雑藾稍滌
未,藕朱茱魅耙蛛昧耘耡味眛籍寐釐耒藉殊珠耜耕耨侏株銖耗妹洙誅誄
末,靺沫茉秣抹
本,鉢体笨躰
札,紮
朮,述術
朱,茱蛛殊珠侏株銖洙誅
朶,躱
朿,策蕀棘棗刺
杉,彬
束,悚柬速獺欄爛竦頼揀蘭籟敕辣嗽襴嬾剌勅整諫癩楝踈鶫懶嫩溂鰊闌瀾疎漱瀬喇藾
来,莱
東,煉鶇蘭陳錬練棟諌凍
松,鬆菘淞
析,蜥皙淅晰
林,魔縻禁嘛靡爨瀝糜摩梦焚麓麾痳霖痲麿癧歴麻麼噤轣楚礎櫪埜森襟淋婪潸梺彬靂磨暦梵琳罧醂菻
果,菓剿顆踝夥巣樔裹裸彙勦課
某,謀煤楳媒
柔,鞣糅揉蹂
柬,欄爛揀襴諫楝鶫鰊闌瀾
査,渣
栗,篥慄
桀,磔傑
桼,漆
梁,簗
條,篠滌
棘,蕀
楚,礎
楽,檪薬
榮,蠑
樂,爍藥鑠礫轢擽櫟
樊,礬攀
欠,欹厥欸嵌羨篏吹瓷飮蹶歙掀蕨嗽歡歉蠍歓歇諮咨闕姿歐軟歟歌粢炊歔歛慾歃歎飲獗坎欧款恣欽欲懿茨盗欷欣欺次盜漱資
次,瓷諮咨姿粢恣懿茨盗資
欣,掀
欲,慾
歇,蠍
止,齟政瀕贇髭嫣堽啣齒征瀝砦企齔頻武眄歪斌歳捗鉦癧此歯歴蕋耻呰正莚轣紫渋渉麪澀趾涎噛眥澁櫪証歸焉凪眦顰歩整篶賦雌穢陟錻蘋齬靂祉症誕齲齦柾徙嘴卸阯址齪齧齷齣延鵡囓御疵蜑肯觜齢齶齠筵禦沚些貲蜒柴齡
正,政嫣堽啣征眄歪鉦莚麪涎証焉整篶症誕柾卸延御蜑筵禦蜒
此,髭砦呰紫眥眦雌嘴疵觜些貲柴
武,贇斌賦錻鵡
歩,瀕頻捗渉顰陟蘋
歯,噛齢
歳,穢
歴,瀝癧轣櫪靂
歹,洌列烈屍殘薨殤殫歿夙殪死斃殯餮殉殄残例殱殊殞殆殲殍殖殃殕殀薤冽葬裂
死,屍薨斃葬
殄,餮
殳,投芟役酘疫醫磐馨没廢磬撃般搬骰廏鑿癈臀慇繋緞發穀殿毅槃設毆殺翳殷段殼癜澱轂燬殻殴毀盤椴愨撥葮聲股鍛謦瘢
段,緞椴葮鍛
殷,慇
殿,臀癜澱
毀,燬
毋,姆悔拇貫栂莓繁樌纛海實侮敏慣塰母毎苺毓誨晦毒袰梅
母,姆拇栂莓苺誨袰
毎,悔莓繁海侮敏塰毓誨晦梅
毒,纛
比,箆豼混箟毘批麒麝秕麓庇枇楷篦麑纔麌蓖麟麋屁焜粃麕麁麗菎鯤紕鹿轆崑陛皆階昆偕灑塵麈讒驪儷諧鏖揩漉棍貔砒妣巉琵
毛,毳竓瓱尾髦旄麾粍耄氈耗梶橇毟毫毬毯
毳,橇
氏,抵祗祇柢羝砥岻邸氓牴胝岷民婚緡底紙鴟棔舐低眠泯昏罠觝帋愍詆
氐,抵邸底
民,氓岷緡眠泯罠愍
气,汽愾氛気氤氣
氣,愾
水,湶詠泉脉尿線怺泳丞永拯昶踏楾咏潁樣氷腺鞜沓閖盥汞冰蒸漾承烝漿
氵,溯湮漁漕濶懣添淨洗瀏瀛瀕瀁淵汰漏演濺簿滉湶湯漂油汲淺洛汽混瀚茫沙汪洩汾沸沫汳染溢羨漓濘箔決洌沈瀝瀞汢洋洸淳没洟漆濱溪湿湫湘溥湲漸濳濾深池洒沮淙瀑蒲瀟菠瀋淘沢洞漑鯊溘湧湾減滷粱潭澡蘯泙浴泱灣萢慂潺潮温薀渕滴渚蕩潼涯海浣浮消泳潯澣潴渝潘澪潰潤浦涙灘涸浪婆笵碆渓渇滿渊滲薄清鴻澤浬浙注霑落浤莎塗澹潦滾游渋渟渡渉激澀流浩浜氾萍涎霈泥澁濁裟港窪済渠渭潔潛濃澗澎泪涼泓涵涕涜涛塰淀浚泝澂潜濂渺滔渮滯渣渾滸濆潅澆波淋霪涅灑灌涌淌泗泣淅潸澳潟滬渦滑滓渫滞渤澱匯澑浸法淇泡浄涓泯泛浅淆浹液澄滝渥渙測湖湍溜漠濮沾汐泊洶河淕江淡瀉沒沽漉溏満湎湃溶滂溂盪藻準濯漣濛濠濔洵沿泄沐沌沱活泅汝泌淮梁濕濡漢酒藩湛溷溺湟蔆琺漲濬況娑洫淪沼淞瀾瀧沁瀦瀲沛治津汗洙汎淒汚淦愆濟濫衍漾濤簗溝溽溲滄湊滋溟源盜漬漱洪派淤汁洳淫汕沍瀘沂瀰范沖沃沚瀬洲淬淹汀沺洽汨淑闊漫溌滌滅
永,詠脉怺泳昶咏樣漾
氺,桼逑黐藜藤糠様禄漆球暴瀑爆裘曝泰剥膝函籐救緑黏隸康黎黍鱇碌隶慷隷滕録剝棣涵毬求逮靆祿
氾,笵范
求,逑球裘救毬
江,鴻
沓,踏鞜
沙,鯊莎裟娑
沛,霈
沾,霑
泉,湶線楾腺
泊,箔
法,琺
泙,萍
泡,萢
波,菠婆碆
洛,落
活,闊
浦,蒲
海,塰
涌,慂
淫,霪
淮,匯
温,薀
湯,蘯蕩盪
溥,簿薄
滕,藤籐
滿,懣
潘,藩
澡,藻
火,爍煉燈詼爨爛鍬煢燉煽啾爐秋烱烙鞦逖湫煬煙煥烽爆煤燻焚痰炯炉燵燼焔餤塋炮灯灼炭蠑耿榮焜灰炙災炬炸甃燿螢犖燔燠燭焼萩炎燗燮癆燧樮炊炳灸炒狄瑩楸燦焙燒燐營荻燬燹燥煩畑愁淡愀燃燎熕煖鰍恢勞啖熨熔熄撈烟談毯熾鶯煌滅
灬,鵆鰯鵝鰈鰻漁黥黑鮗嶌鮃鮎馳駆嶋鮖鵞鷄鰉鰡騷熈煮鵑鰺鷆鰮鶲勳黝鮨鯏黒鮴鯀魚駄駅贐嫣壥點勲鶇鰭鵄鵐羔熙蹠騫騰煦熬熹鳥鰲鶺鶚鮑駁馼嘸馴鮟鵁鳫鵜鰾鷂蔦照騙騾鶴鶻鰥鷏鶏鯆黠黔黯黛鮒撚壗鮓黜鯊鰰廡鰤鶩鷁鳧羆驕碼驩燻癬偽鱗鴬鱚鷦瑪鯛鯔憔駸駟駐烈駑鯡篤鴿鴫鷓燼驛驀驂驍鷹鴦鯣駒駝鯢鯖鴪鴾鷸驚驃驗薊鷯鴣鯒駢駭嚥駮鱸驟鴈鴻鱆鱒鯑憑纒駕点遮駛媽墨鯤鷭鱇庶鴉寫驅然燕鱶鴟杰鯵駱烏駿駘櫓鯨鷲鷽無焉鴇嗚駲儘為礁蘚憮闖覊鱈鱠鴆鴒鷙蕉驢顯窯薦隰篶蘇蘓儻樢潟鯲鴃鴎譌驪驥鱧鴕鯰駻烋塢樵鯱鷺鴛鴨焦薫隲讌蕪驤驫羮騎僞煕鰕鶸鶫鳶鶤默鮭鸞瀉魯魴黙鮮鰛鵲鰔艪燃罵騨騏蔗羈鳩鵤鰍鯉馬撫臙鮠濕鵬鵙鳴煎熏騁熟羹騅鰊鳰鰓鵡黶鮫駈冩蒸烹鮹鸛黷鰆鵠鰒鵯鵈熱熊騒盡鳳鰄鰐鶉鮪爲馮烝馭黨黴鸚鶯鵺鰹鰌醺験
灰,詼炭恢
炎,痰餤淡啖談毯
為,偽
烏,嗚塢
烝,蒸
焉,嫣篶
無,嘸廡憮蕪撫
焦,鷦憔礁蕉樵
然,撚燃
熊,羆
熏,勳燻醺
燕,嚥讌臙
爪,抓笊爬
爭,淨箏瀞崢錚靜諍
爰,暖湲媛緩援煖
爲,譌僞
爵,嚼
父,交較鵁絞効佼駮蛟纐咬郊校斧效傚釜餃皎爺狡鮫
爻,彌欝攪駁禰學黌樊礬鷽璽邇覺濔爼攀爽瀰爾
爾,彌禰璽邇濔瀰
爿,贓臧妝臟蔣壯莊藏鏘寢弉寤寐牀裝牆奬獎奘將漿
片,版牘牒牌牋
牙,芽邪訝鴉谺穿呀雅冴
牛,靠酷蟹誥桙牡犢遲眸牴惣牢鉾犠製鴾牾牧牲牽蠏窖犧件皓浩掣物懈犖犂犀犁牝邂慥犒特牟告犇穉晧梏吽鵠解造制廨
牟,桙眸鉾鴾
物,惣
犀,遲穉
犬,壓獣魃嶽獻髮厭祓茯倏撚伏秡憖拔飆然状猷献跋獎默闃吠哭黙燃袱靨嗅黶獄獸魘黻
狂,誑
狄,逖荻
猪,潴
猶,蕕
獄,嶽
玄,絃茲蓄磁弦蟀牽舷鉉眩慈呟衒孳率滋痃畜
率,蟀
玉,壬閠国宝璧掴璽瑩椢筺王
王,玉筌筐詮珈琅鰉抂酲逞汪閠理国往徴徨篁聖球鍠宝瑳瑾瑪鬮駐凰斑蝗瑤瑰璧掴呈瑙璢鬥潤瑠瑯珱瑶現栓注鬧鬪瑣玲隍皇珮註狂銓環瑞班璋寶璽惶珠鬩遑弄澂鬨瑟瓊璞住璃寳枉珥瑛麈瑕珸瑁瑩瑜碧瑚瓏主匡珞珪琥玻珀哢痊鐵琿柱玩廳琲珎蟶閏對珂聽珍琳玖椢程湟瓔玲琺框筺望琶珊琢玳旺琴誑郢全懲琵琉煌
瓜,柧弧呱菰瓠觚孤瓣狐瓢
瓦,瓲瓰瓱瓩瓶瓷甓甄甌甅甑甕甍甃甎瓧瓸瓮
甘,謀柑勘尠箝某稘廝嵌堪蚶酣篏撕其厮箕椹旗煤斟基戡碁麒甞紺籏甜憇糂拑楳邯媒甚鉗碪斯淇簸朞嘶疳騏坩期祺湛棋欺棊鍖
甚,勘尠堪椹斟戡糂碪湛鍖
甜,憇
生,嶐徃薩猩旌姓窿笙牲性甦星甥腥惺産隆醒
産,薩
用,糒逋哺簿桶愽通誦溥鯆脯蒲輔備樋賻捕慂圃膊踊鼡鯒匍蛹浦憊傭薄猟蝋傅庸慵甬甫埔舗餔搏涌舖敷榑痛補葡鞴俑鋪尃縛黼博
甫,逋哺簿愽溥鯆脯蒲輔賻捕圃膊匍浦薄傅埔舗餔搏舖敷榑補葡鋪尃縛黼博
甬,桶通誦樋慂踊鯒蛹涌痛俑
田,押俾鰯伸廬鰈鰻蟠魔漁魏鮗畤鮃異畫鮎畿禺留略鮖演魁獣單廸糞鰉鰡抻罍雷藕鰺鰮魃鮨鯏橿魎鮴鯀魚畳畧単番油彊娉睥菓福脾虜畦魍魂胄鰭褝謂謖毘飜富鰲寅柚鐇疉閘畭爐當鮑畢神蒐蓄禅堺畷鮟愧巍緇鰾坤僵釉抽旛騾鰥勵胃鯆衡縲輜魑濾魅嵎畉鮒臚嫐擂禝瀋畴畠鮓蚰魄鯊鰰鰤湧稷鼾偲癬鱗累幅鱚螺鑢剿鯛鯔匐弾塊餾捜餽膰呷鯡嬶鴫癘戴蕃顆殫隈踝顋舳瑰憚憎轤鯣甸描呻甑鬼鯢鯖鼬夥髀穂薊籀璢鯒潘膚塁増萬痺櫨瑠寓果紳襠鱸戦鼻戰嬲鱆紬鱒胛鑪鯑巣痩礪届樔裨鯤錨蝟副鷭鱇細偶苗碑薑翻舅鱶審榴錙蝉裹鯵狎甲遇囎曽申慮闡裸櫓鯨勇蝠鄲燔隗翼顱軸渭襌篳櫑由甥嚏婢嚔蘚鱈鱠驢顰嬋層画匣蘇蘓礑儡蘆甼笛鯲榊隅驥幡佃劃鱧猥岫鯰蠣牌町澑男嚊邁霤噌腮繙鯱岬思猫鴨蕾傀踴蔔溜僧鰕恵聘疆鮭箪畑界娚彙畸畋畐畄魯迪疊魴疇鮮鰛糲鰔艪騨瘤瘰盧旙鰍鐺勦鯉専卑畆畝壘冑畊鈿愚鮠嵬蟷艫藩騁蹕醜奮鰊鰓課鮫畚暢冨贈冀畍鮹宙獸鰆鰒鵯槐喟稗鰄鰐魘鮪輻畏畛畔彈瀘逼播沺禪畜畩袖疂鰹鰌
由,演廸油娉胄寅柚釉抽蚰舳鼬穂紬届軸画岫恵聘迪専冑騁宙袖
甲,押單単褝閘禅弾呷殫憚戦戰胛蝉狎闡鄲襌嬋匣岬鴨箪騨彈禪
申,伸抻神坤鰰捜呻紳痩榊暢
男,虜嫐湧嬲舅勇甥踴娚
畀,鼻
界,堺
畏,隈猥
畐,福富幅副
留,鰡餾籀瑠榴霤溜瘤
畜,蓄
畢,篳蹕
番,蟠飜鐇旛瀋膰蕃潘鷭翻審燔幡繙旙藩播
畫,劃
異,糞戴翼驥冀
當,襠礑鐺蟷
疋,綻定堤従嶷縦提蛋蔬旋寔胥擬題碇掟礙是癡楚諚匙礎凝淀嚏錠婿疑聢疏壻醍疎
疏,蔬
疑,嶷擬礙癡凝
疒,疫疸疥疹瘟瘋瘁疣瘍癬痿痘痰痙癘癰癲痾痳痲癪癧痺癢癈痼痩痴癡癌癇痒嫉痞癒癆療癖痣痢癩癜痔痛痕癨瘧疝疽疲症疳痊疾瘤瘰病疱瘉瘡疔疼疵瘴瘠瘻瘢疚痃痍痂
疾,嫉
癶,燈嶝橙廢證発癈登廃揆發癸澄葵磴撥鐙溌醗
癸,揆葵
発,廃溌醗
登,燈嶝橙證澄磴鐙
發,廢癈撥
白,爍鰉廐湶拍檪棉藐泉徨篁鍠宿藥曁綿線凰楷蝗鑠百舶廏樂礫習楾轢隍皇激階惶錦擽遑櫟偕戞薬邀腺諧泊揩梍原迫湟槹貌源伯兜煌
百,縮宿竡佰憂弼粨優栢鏥擾戞蓿陌瓸貊
皀,廐曁廏梍
皃,藐貌
皆,楷階偕諧揩
皇,鰉徨篁鍠凰蝗隍惶遑湟煌
皐,槹
皮,破被坡菠皹皸婆碆皰陂波皴皺皷簸玻疲鞁頗彼跛披
皿,廬聹檸睾謚褞鰮贐瘟溢醯獰濘爐饂蓋臚壗孟鷁醢溘謐蘯慍猛燼温薀藍襤轤媼盈膃塩櫨鱸隘籃鑪儖益闔盆顱蠱儘嚀鹽諡驢楹榲鑑蘊蘆盂盍繿盃艦盟盤衄鎰鰛盥盞盪盧衆葢艫盒盖洫濫衂監盗盡盜恤血檻縊瀘盛
盈,楹
益,謚溢鷁隘鎰縊
盍,蓋溘闔
盡,贐壗燼儘
監,藍襤籃儖鑑繿艦濫檻
盧,廬爐臚轤櫨鱸鑪顱驢蘆艫瀘
目,頤頰領攫帽孀縣貮饋睦瞹瞬瞥睾瀕嘖禎贇貭贓贊貢愼自濺獺攬欟頬攪盲鷆植箱負贅賈貯睥睫睿贐贄財贋厦嵋槻盾頽稙頭簣鎭嶺衢責贔贏具睡瞭貸貫狽懸濱鎮槙欖頷齎湘頼頡磧直盻鷏算瞠靦首督馗贍貧贖貪臭厠績悳罌頴頻須竇碵鼾碩類寛覘慎犢賻噴県真眸看霜眄媚購纂憩樌鬢巓覬嬶寡顆顋癲埴覧親纛墳賺韻償眞眇纜楯籟覦癪題嶺颶積顕側苜實唄潰續賽遉纐櫻惧襯廁嬰圓偵顔穎顏鼻顛額殯幀襭覡現牘眛遺省眩擯邉膩纓屓鑽瑣嬾廂嬪覯敗窺顎戛蕷鑚嗔匱賜眤囂道嚶眥囎賛賠慣鬚惻見覿钁讀顳顧顱硯隕傾殞寶覲覽榎纉泪邊賢賭眦賚賣填纈潁覓則瓊観讃讚渺顫願夐顰顯顴夏殖戝覺寳覗想覚濆賞質賓遁眷眺賦塡叡繽瑁視槇廈領鼎債癩觀規蘋憤嚊賤眉眼噸矚損眠眈矗賑緲覩測項頑頌相値煩攅懶闃賂貶賍瞋瞿睇瞰賎循瞑買賃冒息頸預置蹟頒順熕躓筧懼賁販貼瞞撹矇瞳睹馘瞽費貨賀貴員檳導鵙簒價頓頚頗熄頃倶俔瓔勣嗅櫃濬貿貰賄瞶矍着睨睛贈瞎黷嗄鎖頂頏漬賊資貳貞瞼貝瞻睚瀬貲貽鸚蜆簀槓藾頁
直,植稙悳埴殖矗値置
相,孀箱湘霜廂想
盾,楯遁循
眇,渺緲
眉,嵋媚
県,縣懸纛
眞,愼鷆鎭癲嗔塡槇瞋
真,鎮槙鷏慎巓癲顛填
睘,還環
睿,叡濬
瞿,攫衢钁懼矍
矍,攫钁
矛,務袤橘鞣柔鶩糅鷸楙懋譎揉霧矜茅蹂
矢,聟欸喉篌肄醫竢嶷蜘擬踟雉嗾矩礙痴笶侯癡族猴矧知凝嫉矯翳薙医短矮矣疾候簇疑挨俟埃鏃椥智蔟
矣,欸竢挨俟埃
知,聟蜘踟痴椥智
石,鮖砠磚破宕磯砺磔砧磐磑磬砲砦砿磧砥磁碵碼碩碕碁岩碍蠹碗碚碎確碾磊碇碓礫矼礬礙碆磆硅磋拓礪礦碌碑磅硝碯礎鉐蠧斫硯碣硴礁硼硬礑碧硫碪硲礒礇研柘砕磴磨妬砂砒跖磽砌
示,蔡宗祁祕祀票尉綜漂嫖蒜禁禀祗祚祓祇禰鰾禳淙祟禊禝鰰頴飄粽擦剽驃隸斎飃噤慓察標棕隷踪崇捺襟際慰榊凛祠禮款蔚祺祭熨縹奈禦禧祿禪瓢
礻,禍禎祖福神禄禅祝祐鰰礼社視祈祉祷祢祥
神,鰰榊
票,漂嫖鰾飄剽驃飃慓標縹瓢
祭,蔡擦察際
禀,凛
禁,噤襟
禸,禺黐藕离漓勵魑嵎禽竊癘擒辭萬寓礪属偶遇籬璃隅蠣邁糲齲離愚檎禹亂嘱
禹,属齲嘱
禺,藕勵嵎癘萬寓礪偶遇隅蠣邁糲愚
离,離
禽,擒檎
禾,稾酥魏黐龝稲稽稘稿藜鯏私蓁乘秀鍬稱頽稙稼啾利秋禿瀝鞦馨巍稈稻稠湫誘透種稷穐痿秕秡菌秣銹懍癪癧穆穂積黏秧秒秦麕穎穗穃穩薐蝌黎租秤萪科秬甃黍轣穏委穀榛移萎秩櫪犂穰穫萩犁穣蘇蘓莠莉痢楸穢和凜矮称秘剩穉穡綉愁靂愀鰍梨箘馥香秉俐季稟程稀稔倭啝悸逶臻稜稗稚税廩蜊悧稍
禿,頽
秀,誘透銹莠綉
秋,鍬啾鞦湫甃萩楸愁愀鰍
科,蝌萪
秦,蓁榛臻
稜,薐
稟,懍凜廩
積,癪
穴,箜椌竇竊窓搾窒穹窰竄窿窟窄鴪竅窩突窕腔窶窖窃窗竃窺窪穿穽邊窘竈窯空窈邃膣究窮控倥啌
空,箜椌腔控倥啌
窄,搾
窒,膣
立,竸妾竟撞橦朧童竓謗竪艟壟縡竝竦竒竭竢龕僻暗蒟部嶂嵜宰倍竣翌竚翊竜竡竕龍椄黯章端薜薩新柆樟織甓韶諺襲幟戠薛親粒璧辧潼臆霎韻噺避億韵莅憶蘢碚譬辭笠響境臂辣辮篭襯劈陪識顔顏竏竍旁鱆諳膀壁霹音噫辯磅寵嬖擘賠辟榜璋襞毅障苙偐蘖蘗闢辞隴傍癖幢憧接泣鏡剖籠薪培焙滓颯殕瓏辨産辛辜位滝站蔀躄靖彰意拉竰滂聾彦瞳蒡商檗瀧檍職瘴競熾瓣菩梓闇鐘槞僮
竒,嵜
竜,篭滝槞
竟,竸境鏡
章,嶂樟鱆璋障彰瘴
童,撞橦艟潼幢憧瞳鐘僮
竹,筌篆筅筑箝箆箒箇筐篇筋簫簿簽筝箱筒篌筆箋箟篋範簧簾簪簣簷篏節箴箔箏箜箕筍篁策答筏算箚箍簡篥符纂笳篤籌篦笙第笥篝笘籐籟籀籔籏笠笈笵篭籃篠噬笶籍籖笊笞笆籘籤笋篳笄笑笹籥籬櫛篶擶篷笏笨笛籠笂篩簟簸箪筰筱筥筬簑竿簇簓箸筧箘箙簒竺簍築管筮筺簗筵箭等筈筴簀簔
筑,築
答,箚
筮,噬
算,纂簒
箭,擶
節,櫛
米,糒蟠鞠糞糧謎番彝糟飜釈糯糠鐇愾糜釉旛彜瀋迷糖糢竊類隣糅鱗粱屎菊膰粐粋粟蕃粲粽楼粒鬻莱麟麋繍糊精粳歯糎粃粗潘墺懊粍蟋粂糂渊粨糀粛憐粁粕鷭料翻粤籾粫審粘噛来粹粥燔燠薮鄰粧屡麹数粭籵粢掬澳粮燦断燐幡粡粉氣礇繙襖奥椈糲釆釋旙悉糘藩奧糴齢糶播継
粛,繍
粥,鬻
粲,燦
糸,羂絎綴総絃綻綛綏縮縺縣縷徽縢綜終絖綵欒絏絛絨綺続縻鯀彝縡縵縉絅綽絹経網縱臠彎懸縫經緇絋緊結組綾攣羅騾絆綱縦縲總績綟綰絞綿緋累線素螺巒織纎纃灣纖纂繕繁繩紡紵紮締紺緯鑼繚繃纛纏纔纜繖繍索緜緡緕紲緬緑轡繆繝續纐繊繞辮緤紳緝紬紙緒鑾繹纒蘰纓蘿繋紘紫紿緞細戀紜紕繼繻櫞紀純紛納籘紂緩潔繭纉纈紗緻編級練變緘紊繧繪蠻蘊遜繽繦係紆紐約紋繰繿邏繙紹緲紅絶絢糾綉鸞葯絣綯絮瘰綢絡絵維縁縛綮綣縄縟縋縹縅統系絳綸綫孫縊縞縒継絽給糺絲綬
系,縣鯀懸纛緜遜係孫
約,葯
累,騾縲螺瘰
絜,潔
絹,羂
維,羅鑼蘿邏
縁,櫞
縢,籘
縣,懸纛
縵,蘰
缶,罍罎鷂罐淘罌罅缺窰瑤遙遥掏陶鬱瑶寶萄缸搖謡綯謠揺徭
罒,罩罕羂鰻聹檸徳壞擇韈睾饅羃攬罔罨欝堽魍縵詈網獰濘懐羅欖罟罸羇鰥鐸贖羆罹髑竇襪犢圜薨驛譯鑼壊纜續憲鬘寧夢幔澤繹甍牘懌儚蘰蘿薯鏝慢還濁環覿讀燭覽嚼賣嚀曙鬟曼擺屬寰惘鑒矚邏楞罠廰買懷躅罵置罷羈釋廳獨爵鐶聽蜀觸署謾黷蔓罪罧蔑囑漫聴罘罫罰
罔,魍網惘
署,薯曙
罷,羆擺
羅,鑼蘿邏
羊,羶瀁美羚義羔羨様撻洋羌蹉羞詳羝羲癬業瑳曦繕燵翔犠膳譱羚儀佯癢議磋姜差犧鱶搓養槎痒遅蘚窯樣達庠闥礒叢嗟羣羮嵳嶬鮮蟻觧羯躾韃艤羹盖着嵯漾善群羸祥縒恙
美,躾羹
羔,窯羮羹
義,犠儀議礒嶬蟻艤
羲,曦犧
羽,醪翁鶲瀚煽摎廖翅翌翊扇挧蓊翆翡翕翔翠歙栩戮戳繆擢曜翦習翫寥樛燿翹翻榻蓼翩翼慴鏐搨耀翳膠翰濯躍摺櫂糴褶糶勠謬
翁,鶲蓊
習,翫慴摺褶
翕,歙
翰,瀚
老,蓍鰭姥蛯耆嗜耄耋咾
耂,暑蓍都煮著鰭孝堵豬酵楮姥渚蛯潴赭緒薯拷儲墸耆嗜教耄耋賭曙屠者老咾諸猪偖栲考覩藷哮闍躇箸睹署瀦奢
考,拷栲
者,暑都煮著堵豬楮渚潴赭緒薯儲墸賭曙屠諸猪偖覩藷闍躇箸睹署瀦奢
耆,蓍鰭嗜
而,臑揣喘糯懦端儒需襦嬬蠕粫猯繻瑞惴耐轜湍濡孺
耑,端
耒,藕耙耘耡籍藉耜耕耨耗誄
耳,聹巌娶聟聒聆娵揖輒聊聞聚摂聖聨躡耽鑷耿楫耻驟陬緝趣弭巖耶顳聆餌囁嚴珥儼掫樶取叢敢廰聰聘輙諏爺瞰攝廳聳聾蟶葺茸揶厳橄聽聲聶聢職最鵈聡輯懾撮聴恥聯椰
耶,爺揶椰
聖,蟶
聚,驟
聴,廰
聶,摂躡鑷顳囁攝懾
聽,廳
聿,肆晝畫簫肇肅筆律葎贐肄鍵瀟壗燼健書繍粛蕭儘腱劃嘯津建盡
肅,簫瀟蕭嘯
肉,臠腐
肋,筋
肖,梢峭哨宵逍悄鞘趙消屑蛸霄硝削銷誚鮹稍
肙,絹
育,轍徹撤
肴,淆
胃,謂膚蝟渭喟
胡,餬糊蝴楜瑚湖醐葫
胥,婿壻
能,羆態擺罷熊
脊,鶺蹐瘠
臣,蔵贓臓臧攬熈竪臥臟緊欖姫藏藍覧襤纜籃腎儖樫覽賢鹽鑑鑒鏗繿慳艦堅豎臨濫監檻宦鰹
臧,贓臟藏
自,厦首馗臭鼾憩嬶寡鼻邉戛道榎邊夏廈嚊息馘導熄嗅嗄
臭,嗅
至,握倒輊鵄垤蛭幄窒姪腟屋擡咥榁耋緻膣薹渥椡桎到齷室臻致臺
致,緻
臺,擡薹
臼,蹈插稻嫂竄陷麑鯢鼬鼡猊鑿餡霓鼠猟蝋寫舅鬩韜叟舊滔搜潟舂舁燬歃毀瀉貎輿倪啗閻兒諂艘冩睨
臾,諛萸腴
舄,寫潟
與,欅嶼擧譽舉襷歟
舌,濶聒乱話舘憩甜憇括蛞舐舒辞銛舖舍活刮闊筈恬
舍,舘舒舖
舎,捨
舛,瞬磔隣鱗麟憐蕣傑鄰舞燐舜桀桝
舜,瞬蕣
舟,艇艝艟磐艀艨艚舫般舳航搬舶舷舮舵船舸槃舩艦盤艪艙艫艘艤瘢艢
般,磐搬槃盤瘢
艮,垠恨狼即琅欝卿節娘饗既退郷漑嚮廊螂慨墾莨響浪懇根瑯榔腿嚼概銀櫛郎粮踉限眼痕狠跟齦艱爵褪良很朖厩朗喞
良,狼琅娘廊螂莨浪瑯榔郎粮踉朖朗
色,絶艷艶
艸,芻鄒趨皺蒭雛
艹,謨芋芟蔡蔵攤糒朦蒂蓍菫摸菟葩韈葛冪茲臓曄檬椛苅羃花欟藜芳蔭藕蒜蒼茘茫菓蓁嘩葎著茱蒻蒔臟蔣芽芝權躪芒芍藤藐槿蟒暎蒋蒟蒄蒐菖茉蓄蒿茵蓋茴葆貘茯蔦藹蔽艨藥罐謹蔘藪勵鋩茶蓊嘆菜茣華蒲瀟葹菠蓆檠獲糢藝蔬磁備護薜驩苞薩苓藁苧襪寛瑾蘯莓莇莞莊菊荐萢荅莽蕚癘苦蕎苒藏蕗蕃薨薛薔驀薀苫蕕藍苟蕁蕩剳鑵懃莟囈萵蓖荊墓萼菅描莱荒蓮菌萠蓚莅慕蘭蘢苑蕨若薺蕀苹驚薗薊薇苡蕋苜慌莵菁萱莨灘萬塔憊寞苛苔歡夢警薄薐蕊讙糀惹蟆蠖諾甍曚慝莖礪儚萪蓐搭荀蓬菎蓑荏落莎莚蘰膵蘿蠎膜錨蟇幕苣苗薑薈蕣薯蕷埖燕餝萃蓴萎荘萍韮蓼莪墸匿僅蕭苳藉穫譁硴敬苙薮蕈英覲繭蘂蘖萩荳莫蘚蘗慈舊蕉渮顴薦苴苻瑛錺樺蘊蘇蘓萌莠荷萄灌萋萸莉蘆薪蕘薙苺薹薬觀蠣蘋邁荻蓙霙萇蓿荵萓荼草儺莢嚆臈模猫錵薫蕾薤蕪歎芙藺蔀芹芬蔔藷芥漠茆葯菱菰葉葡鞴蒭菘葵勤勸募糲艾蔕芫芸艱蔗藻芦蔚躇獏濛茅董菽葷矇茹葮菲葺蒡茸葭茄蓉葢漢藩難蔆孳蒙菷茨葦鞳蒹蒸茜暮鸛芭蔓滋蔑芯茎菴葬葱茗范菻茂菩茖葫饉懽藾蔟
芒,鋩
花,椛糀埖硴錵
芳,餝錺
芻,鄒趨皺蒭雛
苗,描錨猫
苛,渮
苟,檠驚警敬
若,惹諾慝匿
英,暎瑛霙
茲,孳
荅,剳塔搭鞳
荒,慌
莧,寛
莫,謨摸冪羃貘糢驀墓慕寞蟆膜蟇幕模漠募獏暮
莽,蟒
菐,撲僕
菫,勤
華,曄嘩譁樺
萃,膵
萬,勵癘礪蠣邁糲
著,墸躇
葛,臈
蒙,朦檬艨曚濛矇
蒿,藁嚆
蔑,韈襪
蔵,臓
蕩,蘯
蕭,瀟
薛,蘖
薜,蘗
藏,臟
藝,囈
藺,躪
虍,謔廬虚虎虔虜處獻爐虐號濾臚饕虞罅鑢墟遽戯轤膚據櫨鱸戲鑪遞慮劇顱驢蘆歔鯱瘧琥褫盧彪艫醵嘘虧瀘
虎,號饕遞鯱琥褫彪
虐,謔瘧
虚,墟戯歔嘘
號,饕
虫,蟯蜷蟠蚩蚕騷蜴蜻蜈蛎蚶蛍嵐蜉瘋蟒蜥虹蛆蛇蚓蚊蜘蜿蟹蚌蛋蚰蛄蚋蟐髑飄螺蝨蛮蛭諷蝕融螂颱蝗螻蟀蝎蛛蛯蛔掻蠑蠅蠹飆颶蠕蛬蛹蛸蛟蛤蠏蝓蟋蟄螟飃蝌蟆螽蠖蠍強蛞蠎属蟇蝟蝸蝋螳風蝉螢蠧濁蝴蝠燭蝶繭蠱蛩蛻蝮蝣螯颪蝪螫蠻蛙屬繦蠡蝦襁颯蝿蠣蛾矚蠢蠶嗤蝙楓触蜂蜍蛉蚯蜚蜃蟻躅齲雖蜜蜩蟶獨蚣虻蟷蜀觸蟾蚪禹嘱虱蜑蟲騒蜊蚤蚫独囑櫁蜒蜆
蚤,騷
蚩,嗤
蜀,髑濁燭屬矚躅獨觸囑
蜜,櫁
蟲,蠱
血,睾衄衆洫衂恤
行,鵆絎衙衢哘衡銜桁衝衒術裄衞垳街愆衍衛
衍,愆
衣,攘衰壞孃袤衾壤褒醸俵懐袈衷喪禳裘嚢壌襲嬢裳壊製薗園遠譲蓑裴滾裹哀裟襞穰依裝轅襄穣讓曩襃榱裔猿驤袞懷簑装袋袰裏袁裁釀褻表畩裂簔
衤,褸褄褐衿衫初褌褞褊褓複被袙衲衽褝褂衵袢袮襪裙襦襤裾裲襯襠襴襭裼裨襷裸襌襟襁裕裡補襍襖褥袒褫袱袿裄褪袴袵褶裃袷袗袍袂袖
表,俵
衰,蓑榱簑簔
袁,薗園遠轅猿
袞,滾
裁,纎戴截殱鐵
裏,滾袞
襄,攘孃壤醸禳壌嬢譲穰穣讓曩驤釀
襾,票鐔漂嫖鰾飄潭剽驃飃価慓覈標譚蕈覊覃簟縹瓢
西,湮蹲酬酥晒票堙鐔醪酘酲漂嫖賈酳醸醫酪醤醯酷酣逎鰾酢醉煙洒迺酉醢酵飄襾楢栖篥潭栗粟蕕甄剽驃遵慄飃価鱒遷慓覈標遒墫譚僊蕈猷覆樽腰噂擲哂覇覊猶覃樮鄭要醇酋酸簟躑酌醒醋醐酊酒價醜酖釁配醵尊韆茜縹酎醴釀奠醂醍酩廼瓢鰌酔醺醗
要,腰
覃,鐔潭譚蕈簟
見,攬欟攪槻欖靦寛覘覬覧親纜覦襯覡現覯窺覿硯覲覽覓観覺覗覚視觀規覩筧撹俔蜆
規,槻窺
覚,撹
親,襯
覺,攪
覽,攬欖纜
觀,欟
角,桷觴蟹槲蠏斛懈邂触觝觧鵤嘴觸觜埆觚解廨
觜,嘴
解,蟹蠏懈邂廨
言,謨講謀謔誡詭詢誉詣詮誠謁謚謎欒謗詼嶽読詠誣詈謂謖謝簷詰詫臠彎誦詬話藹攣謇謌謹罸詳誤誘鞫贍誥試説誹該謐謄護巒灣諺諷訛譯譴訂訖膽憺託訃討證譱譬訓訊訝諱譫識議警譲譽讙鑾訐諾訟諳擔澹訌辯譖戀計註諮訴諚儲諭論諢証讀譚譎譜譁讖診諠諛訣訶諜諡設讃燮讎讚譏譛譟滸讓變蠻諤訪諸諫訳讒譌讐許訥諦諒記諧諞讌謡藷鸞諏誨這誕檐誼謠詛詔誚誂認諍評詁諂詩謳謾蟾詑課靄語誓誇談詐獄信謦謫諌詒詆誑誅誌瞻誄誰諄詞調請謙謬罰
討,罸
許,滸
諸,儲藷
謁,藹靄
谷,壑卻峪浴穃谺榕谿硲慾裕豁溶郤逧蓉欲熔容俗鎔
豆,豈饐體燈鎧嶝壹橙頭廚逗磑痘凱樹覬殪證戲登闘膨鬪剴鼓澎噎荳鼕鱧短澄榿皷皚禮鐡磴瞽豎軆懿豊彭醴艷鐙厨豐豌艶
豈,鎧磑凱覬剴榿皚
豊,體鱧禮軆醴艶
豐,艷
豕,朦篆逐象檬家豢稼橡彖壕豪喙艨豬冢豫遽嫁遯據曚掾墜塚隧櫞劇毅燧邃蠡隊遂像燹糘濛濠縁矇豚溷醵椽蒙瀦琢啄
豚,遯
象,橡豫像
豪,壕濠
豬,瀦
豸,豼豺貉藐貘墾懇霾貍貂貎貔貌貅貊豹
貌,藐
貍,霾
貝,頤頰領貮饋瀕嘖禎贇貭贓贊貢濺獺頬負贅賈貯贐贄財贋頽頭簣嶺責贔贏貸貫狽濱頷齎頼頡磧贍貧贖貪厠績罌頴頻須竇碵碩類犢賻噴購樌鬢巓顆顋癲墳賺韻償籟癪題嶺積顕側實唄潰續賽遉纐櫻廁嬰圓偵顔穎顏顛額殯幀襭牘遺擯膩纓屓鑽瑣嬾嬪敗顎蕷鑚匱賜囂嚶囎賛賠慣鬚惻覿讀顳顧顱隕傾殞寶纉賢賭賚賣纈潁則讃讚顫願顰顯顴戝寳濆賞質賓賦繽領債癩蘋憤賤噸損賑測項頑頌煩攅懶賂貶賍賎買賃頸預蹟頒順熕躓賁販貼費貨賀貴員檳鵙價頓頚頗頃瓔勣櫃貿貰賄瞶贈黷鎖頂頏漬賊資貳貞瀬貲貽鸚簀槓藾頁
貞,禎碵遉偵幀
貢,熕槓
貫,樌實慣
責,嘖磧績癪積債蹟勣漬簀
貳,膩
貴,饋簣潰遺匱櫃瞶
賁,噴墳濆憤
賈,價
賓,濱鬢殯擯嬪繽檳
賛,鑚纉讃攅
賞,償
賣,贖竇犢續牘覿讀黷
賤,濺
質,躓
贈,囎
贊,鑽讚
赤,赫赦赧赭螫嚇
赦,螫
赫,嚇
走,徒跿赱趙赳起赴趣越超趁趨
足,蹲躙跿蹙跳蹤躪蹴蹠蹈蹉蹼蹣跨践跼躡蹶蕗踐踟踝踊踞踏踰趾捉踪跋跌促露跏踵踉跂趺鷺踈踴蹊蹇躋躄跫跟躑躅蹟蹐蹄躊躓躇跪距齪蹌蹕躍跖跣跚蹂躁跡跛路躔
路,蕗露鷺
身,躬謝軈躯麝窮躰軅躱躾軆射
躬,窮
車,輟縺輸嶄輅輹輌褌輊輓揮輒輝範較漸輕輩輜撃輛輔鏈軽慚軾皹陣轤蓮塹皸軻轡轉鏨軼轢繋轣斬轆諢軒軫軸軟庫轌轅運囀轄轟渾慙轜軛転嗹轗轎轍轂軣軋鶤輙暫輿琿軌俥漣輦葷輳輾輪軍連輻暉輯暈載槧
軍,褌揮輝皹皸諢運渾鶤琿葷暉暈
載,鐵鐡
轉,囀
辛,縡僻宰薜甓薛璧辧避譬辭臂辣辮劈壁霹辯嬖擘辟襞蘖蘗闢辞癖滓辨辜躄檗瓣梓
辟,僻薜甓璧避譬臂劈壁霹嬖擘襞蘗闢癖躄檗
辰,振娠脣晨膿震唇蓐儂辱農濃耨賑褥蜃宸縟溽
辱,蓐耨褥縟溽
農,膿儂濃
辶,縺逹逑逅逋鎹謎逞髓逗逎逍逖撻迴逕迺鏈樋遽遲燵譴遙遘遯遉遡蓬遶邉隧膸遞遒辿迄腿邊邇遐遑隨燧辷邂遁遜遨遏邃慥篷迂槌嗹辻闥邁遖邏邀迦這暹漣迥迹逾逧韃迸褪迯縋逢逶韆迚逵逡逼靆迢
迷,謎
追,槌鎚縋
退,腿褪
送,鎹
通,樋
造,慥
逢,縫蓬篷
連,縺鏈蓮嗹漣
逮,靆
遂,隧燧邃
道,導
達,撻燵闥韃
遣,譴鑓
遷,韆
邑,悒癰滬廱扈
那,梛娜
郎,廊螂瑯榔
部,蔀
郭,廓槨
郷,饗嚮響
鄭,擲躑
酉,蹲酬酥醪酘酲酳醸醫酪醤醯酷酣逎酢醉醢酵楢蕕遵鱒遒墫猷樽噂擲猶鄭醇酋酸躑酌醒醋醐酊酒醜酖釁配醵尊酎醴釀奠醂醍酩鰌酔醺醗
酋,蹲楢蕕遵鱒遒墫猷樽噂擲猶鄭躑尊奠鰌
釆,蟠番飜釈鐇釉旛瀋竊膰蕃潘墺懊蟋鷭翻審燔燠澳幡礇繙釋旙悉藩奧播
采,綵彩菜採
里,鍾黥厘黑撞橦糧童艟勳黝黒哩壥點勲理廛黠黔黯黛黜種燻墅潼纏甅糎慟纒浬墨釐腫働幢憧霾儻踵裡薫默貍黙竰鯉衝董瞳熏黶裏黷量重埋俚狸黨黴鐘動僮躔野醺
重,鍾勲種慟腫働踵薫衝董動
野,墅
量,糧
金,鍾鈞瀏鐔鎬鎹鎧鋳鈑鋲鐃鍬鐚鍵鐓鎭鐇鍼鈕鈩鈔鋺鍠鎮鐐鐸鋼鋩鈍鈎鍮鏈鑢錐鉤鉱鑷釘釿鑼鏘鑵銘鉾嚠銹鉦鑠錆劉鑰鑿鉢錚鏨釶鑪鑾銭鉉鉈錨鑽錏釵釼釟錬錙鑚鏝崟鉅鉄鉐鉋銓錘錫钁釧鏥鑛鏑録錦銅銑鉞鑁鏐鏤針釦鈴釖鑑錣錺錮銀銛鉗鋏鉚銜銕鏡錢鑄釣釜釡錠鑒鏗錯錻銃銚鉛銷銖鑞鏖錵鑓釛鎌鋸鋤鐵鐡鎰鐺鋒鈬鋪鈿鍄鐶鍋欽鎗鎚鍔鍛鏃鈴淦鋭鍜鎖鎔鐙鈷鍍鐘鐫鍖
長,肆帳髯髭髢悵髣髮髪髦套髟髫鬣鬢張鬘鬚鬟萇鬆髻髴脹髷漲髱
門,躙們濶関閭閣悶欄閉爛閠聞椚躪閘閤閥閹閙閧簡蘭繝潤襴闘闔墹擱關闕闡癇澗闢闖燗櫚憫闥捫藺問閃闃嫻闍閂閖閏閔閨閻嫺閼閑闌瀾開閲闇閾闊閊閇間
閏,潤
閑,嫻
間,簡繝墹癇澗燗嫺
閔,憫
閣,擱
閭,櫚
闌,欄爛蘭襴瀾
阜,埠
阿,婀痾
陏,随堕
陰,蔭
隆,嶐窿
隊,墜
隋,橢隨墮
隶,糠隸康鱇慷隷棣逮靆
隹,躙攫攤欟贋椎權躪衢擁羅軈罐雙鶴帷獲罹護驩催鷦錐憔壅癰鷹鑼鑵推霍雉確碓戳截甕膺擢儁灘曜歡讙蠖権携蘿惟燿歓雍售應囃钁雎穫顧雁隼唯礁観籬隻舊蕉讎雀顴雋雄潅凖灌耀雅雌薙讐雇觀匯儺邏樵崔襍集焦癨藺雕雜瞿准暹勸廱雛軅離準雖寉維濯懼堆摧進淮勧難奪奮騅躍矍鸛櫂糴稚糶虧懽誰鐫攜雑
隻,攫獲護蠖钁穫矍
隼,凖準
隽,携
雁,贋軈鷹膺應軅
集,襍
雇,顧
雉,薙
雋,儁鐫
雍,擁壅甕
雜,囃
離,籬
難,攤灘儺
雨,電孀漏艝雩雷臑靈靉曇零罎雲糯壜懦擂雰儒霏需霜襦霎霖霍嬬蠕澪霆霞霊霓震樗霑霹霸霄櫺膤霈繻零轌鱈繧霧霪霾霽露轜霰霤霙蕾癨靂濡孺雪靄雫靆雹
雪,艝膤轌鱈
雲,靉曇罎壜繧靆
零,澪
雷,擂蕾
需,臑糯懦儒襦嬬蠕繻轜濡孺
霍,癨
霜,孀
青,蜻情静瀞倩猜鯖錆精菁清靖靜睛晴請
静,瀞
非,俳靠靡暃孅悲輩誹緋齏翡斐纎霏纖腓鯡榧韲排裴籖韭韮殱讖籤匪殲薤懺蜚琲菲徘懴扉罪
面,靤靦緬麺湎靨
革,鞠靺韈靭鞣靴鞭靼靱鞦靫羇鞫鞘霸覇覊鞜鞁鞨鞴鞏羈勒鞍韃鞳韆靹鞆鞐鞄鞋鞅
韋,緯圍幃諱偉韜違韓葦衛
韭,孅齏纎纖韲籖韮殱讖籤殲薤懺懴
音,竸竟暗黯章織韶幟戠臆韻億韵憶響境識諳噫鏡意檍職熾闇
頁,頤頰領瀕獺頬頽頭嶺頷頼頡頴頻須碩類巓顆顋癲籟題嶺顕纐顔穎顏顛額襭嬾顎蕷囂鬚顳顧顱傾纈潁顫願顰顯顴領癩蘋噸項頑頌煩懶頸預頒順頓頚頗頃頂頏瀬藾
頃,頴穎傾潁
須,鬚
預,蕷
頓,噸
領,嶺嶺
頡,襭纈
頻,瀕顰蘋
頼,獺籟嬾癩懶瀬藾
顛,巓癲
風,嵐瘋飄諷颱飆颶飃颪颯楓
飛,飜
食,瀁饗饕癢餮鱶養餐館喰
飠,饐饋饌饅饑飫饒饂飯飢飭飮餾餽蝕餤餬餉餡餠餒餝餞餓餅餌館餔餃飽飲飾飴飼飩饉
養,瀁癢鱶
首,馗道馘導
香,馨馥
馬,馳駆騷駄駅騫騰駁馼馴騙騾驕碼驩瑪駸駟駐駑篤驛驀驂驍駒駝驚驃驗駢駭駮驟憑駕駛媽驅駱駿駘駲闖覊驢驪驥駻隲驤驫騎罵騨騏羈騁騅駈騒馮馭験
馮,憑
骨,體髓鶻髑骼髀髏髄骰磆骭猾榾骸滑
高,稾鎬稿髞蒿亭嵩藁膏敲槁塙犒嚆縞
髟,髯髭髢髣髮髪髦髫鬣鬢鬘鬚鬟鬆髻髴髷髱
鬥,鬮鬧鬪鬩鬨
鬯,鬱
鬲,獻融鬻隔膈
鬼,魔魏魁魃魎魍魂蒐愧巍魑魅魄塊餽瑰隗傀嵬醜槐魘
魏,巍
魚,鰯鰈鰻漁鮗鮃鮎鮖鰉鰡鰺鰮鮨鯏鮴鯀鰭鰲鮑鮟鰾鰥鯆衡鮒鮓鯊鰰鰤癬鱗鱚鯛鯔鯡鯣鯢鯖薊鯒鱸鱆鱒鯑鯤鱇鱶鯵櫓鯨蘚鱈鱠蘇蘓鯲鱧鯰鯱鰕鮭魯魴鮮鰛鰔艪鰍鯉鮠鰊鰓鮫鮹鰆鰒鰄鰐鮪鰹鰌
魯,櫓艪
鮮,癬蘚
鳥,鵆鵝嶌嶋鵞鷄鵑鷆鶲鶇鵄鵐鳬鶺鶚鵁鳫鵜鷂蔦鶴鶻鷏鶏鶩鷁鳧鴬鷦鴿鴫鷓鷹鴦鴪鴾鷸鷯鴣鴈鴻鷭鴉鴟烏鷲鷽鴇嗚鴆鴒鷙樢鴃鴎鴕搗塢鷺鴛鴨鶸鶫鳶鶤島鸞鵲鳩鵤鵬鵙鳴鳰鵡梟鸛鵠鵯鵈鳳槝鶉鸚鶯鵺
鹵,滷鹹鹸鹽
鹿,麒麝麓麑麌麟麋麕麁麗轆灑塵麈驪儷鏖漉
麗,灑驪儷
麥,麩麪麭
麦,麺麸麹
麻,魔縻嘛靡糜摩麾麿麼磨
黃,簧廣黌曠礦鑛擴壙
黄,横
黍,黐藜黏黎
黎,藜
黑,黥勳黝壥點黠黔黯黜燻儻默熏黶黷黨黴醺
黒,黛纒墨黙
黨,儻
黹,黼黻
黽,繩蠅鼈鼇竈
鼓,鼕皷瞽
鼠,竄鼬
鼡,猟蝋
鼻,鼾嬶嚊
齊,齋齎齏纃薺儕臍韲擠劑霽躋濟
齒,齟齔齬齲齦齪齧齷齣囓齶齠齡
齧,囓
龍,朧壟龕竜襲蘢篭寵隴籠瓏滝聾瀧槞
龜,龝鬮
龠,鑰籥
𠂊,奐寃鰯悗鰈鰻漁詭鮗鮃鮎菟換逸象鮖誠鰉鰡龝鰺鰮筝鮨鯏鮴鯀輓魚負危晟桷鰭龜簷鰲橡鮑静晩鮟觴鰾煥鰥蟹鯆衡鮒挽争贍豫鮓鯊鰰鰤槲穐癬鱗鱚鯛鬮鯔鯡焔陷鯣膽纔憺鯢鯖歿薊急勉鯒餡麁蠏粂鱸譫陥鱆鱒鯑擔澹鯤鱇斛鱶鯵懈櫓鯨蘚瓊鱈鱠夐蘇蘓邂灸鯲讒鱧鯰浄鯱像成渙色角触鰕絶觝喚鮭沒檐魯魴筬鮮鰛觧鰔艪鵤鰍啗鯉畝閻跪嘴娩久脆鮠諂觸玖城鰊鰓俛蟾鮫冕免鮹鰆鰒觜埆艷觚鰄鰐解柩疚巉鮪亀兔瞻廨鰹鰌艶盛
𠂢,脈派
𠂤,追阜埠
𠔉,券圏巻
𦥑,欅攪爨嶼學黌擧譽舉襷興鷽歟諛與覺萸腴臾盥釁溲
𦰌,謹
𩙿,餘
