kanji,kanjilist
㐬,旒醯蔬流硫毓疏棄梳琉
㓁,深探
丁,欹聹檸奇綺貯竒倚獰濘亭嵜寄竚謌打羇柯彁椅碕苧婀掎紵釘訂痾呵灯猗埼軻庁寧苛渟佇舸嚀訶剞歌渮停可荷甼崎何町叮騎河畸酊珂阿疔哥頂汀
七,謔廬切虚虎虍虔虜處獻宅詫爐虐號濾臚饕虞罅鑢侘墟遽戯轤叱託膚據櫨鱸戲鑪咤窃遞慮劇顱驢蘆歔鯱叱瘧琥梍褫盧亳彪艫醵嘘托砌虧瀘
万,蛎砺栃杤励
丈,吏使杖仗
三,講攘菫撲孃峯鋳壤蓁醸騫槿彗縫実蹼謇謹蚌禳烽践畴奏素瑾樸春塞購壌泰嬢篝纛懃邦遘陦寒賽搴秦譲銭媾蓬覯拝残榛搆寨僅穰覲涛惷璞襄穣讓棒曩捧篷舂寿慧浅蠢構驤蹇羮蜂濮冓賎勤毒鋒祷輳梼俸齧僕峰囓逢臻鰆承釀溝湊饉桟椿奉
上,寂蹙峠椒俶督戚叔槭菽垰裃鞐淑
下,峠抃丐圷颪梺卞垰雫裃鞐閇
不,抔歪胚丕痞杯盃坏否罘
与,写
丑,鈕羞忸狃紐衄
且,齟柤砠畳祖宜蛆組沮徂狙姐岨莇粗耡租咀雎渣苴俎助萓疽鋤誼疊詛爼阻勗疂査
丕,歪胚
世,鰈紲緤楪蝶諜笹牒渫葉泄貰喋
丗,帯滞棄
丘,鋲梹兵岳浜邱蚯駈
丙,柄炳陋病鞆
丞,拯蒸烝
両,輌満
並,譜椪普
中,褸蟯蜷蟠縷饋蚩蚕騷蜴蜻蜈蛎蚶蛍嵐蜉瘋簣蟒蜥虹蛆蛇蚓蚊蜘蜿藪蟹蚌蛋蚰蛄蚋蟐髑飄螺蝨蛮婁仲蛭諷蝕融螂颱譴數蝗螻蟀蝎樓蛛蛯蛔掻蠑蠅蠹飆髏颶籔蠕潰蛬蛹蛸蛟蛤蠏蝓蟋蟄螟飃窶蝌蟆螽蠖蠍遣遺忠強蛞蠎蟇蝟蝸蝋螳風蝉螢匱蠧濁蝴蝠燭蝶繭蠱蛩串蛻蝮蝣螯鏤颪僂蝪螫蠻蛙屬繦蠡蝦襁颯蝿蠣狆蛾矚蠢蠶嗤鑓蝙楓触蜂蜍蛉冲蚯蜚患蜃蟻躅雖蜜蜩蟶獨貴蚣虻蟷蜀觸簍蟾櫃虫蚪瞶虱蜑蟲瘻騒蜊迚蚤蚫独沖囑櫁蜒蜆
丱,墟關歔聯
串,褸縷藪婁數螻樓髏籔窶鏤僂患簍瘻
丸,贄藝執埶囈蟄塾鷙笂熟勢熱孰褻摯
丹,旃栴
主,往駐注註住麈柱
乂,政巌瞥撒贇徽駆彌吏晞黐務孜肇苅欝攪放絛獵刄虔贅鞭离暾脳刹悩扨燉收熬鰲鐓肴漓徼駁馼禰靱図徴吝蚊悋攷蔽躯攵倏藪廠魑禽哽暼檠恟學鶩攻网斐敞鬣史繁剱胸敝斑斌文數使篦黌樊赦蓖擒蓚繖嗷唏瑙粳緕救故驚竅斂薇敕籔牧凶礬杖敏斎顏鼈斃警敖枚鯑篠匁気駛巖覈敗釼碯釐敦幤激甦弊腦便鷽済鼇教敬偐薮璽邇弑嚴澂螯緻籬傲数敘硬整效變覺対璃劔紊螫区霧儼遨更鴎幣敵殺傚斈敷散紋剏枢匈憫仭霰淆邀仗丈轍惱鑞敢做斉殴改梗洶瞰嫩厰畋檄峺筱艾攸欧離閔濔愍臘爻徹兇貔撤厳爼橄悠綮希椶稀旻刈檎瀲致衂啓倣欷攀修脩條爽微瀰懲爾黴滌
乃,孕秀誘透朶銹盈携楹莠綉躱仍
久,粂灸畝玖柩疚
之,芝泛貶乏
乍,祚柞酢鮓搾窄炸胙怎作昨咋筰詐
乎,罅呼
乏,泛貶
乕,逓
乖,埀
乗,剰
乘,剩
九,尻抛贄染旭伜馗藝翆執丸粋埶囈蟄忰塾鷙枠究笂卆軌砕鳩仇熟勢熱孰褻摯雑酔
乞,乾吃訖屹迄
也,馳髢池葹施釶弛地他
亀,穐
了,務袤橘鞣抒孑柔予豫鶩糅墅凾丞鷸拯序楙懋蕷譎舒揉霧矜矛杼預茅蒸烹承蹂烝亨野
予,務袤橘鞣抒柔豫鶩糅墅鷸序楙懋蕷譎舒揉霧矜矛杼預茅蹂野
争,筝静浄
于,芋吁宇迂紆盂
云,蔭靉曇魂伝罎雲桧壜会藝囈耘陰紜繧転芸絵靆
互,亙恆冱沍
五,衙伍悟梧唔牾寤圄珸齬晤語吾
井,囲穽耕丼畊
亘,暄垣恒喧萱諠宣愃桓
亙,恆
亜,唖悪壷
亞,椏鐚惡錏堊壼壺
亟,極
亡,瀛肓罔盲妄茫魍芒網贏鋩侫氓荒慌忙忘惘虻望羸
亢,抗航杭吭坑頏伉
交,較鵁絞効佼駮蛟纐咬郊校效傚餃皎狡鮫
亥,孩該核駭劾咳骸垓刻
亦,奕恋湾蛮変弯迹跡
亨,烹
享,椁暾廓槨燉鐓淳惇敦塾醇熟孰鶉郭諄
京,黥蹴凉椋就鯨鷲涼掠諒憬勍影鍄景
亭,渟停
亮,喨
亶,羶擅壇顫氈檀
仁,佞
仄,昃
今,衿蔭衾頷黔吟貪莟唸岑陰棯捻矜鯰念稔琴含
介,疥堺价芥界畍
从,頰齟倅從頬悴靈篋誣峡鵐蹤齒縱挫檣瘁醉孅挾齔夾纖樅傘薔翠巫憖碎麩猝覡噬墻膵侠陜座麪萃囃粹埣讖籤來賚麥殲鋏牆慫麭蓙莢浹穡齬雜卒懺齲齦聳狭齪齧齷齣坐徠囓挟筮齶齠狹淬峽筴嗇艢齡
付,椨拊坿鮒符腑腐府柎苻附咐俯
代,垈貸黛岱袋玳
令,領羚聆零嶺苓嶺羚澪玲零聆怜鴒鈴領蛉玲鈴伶齢囹冷齡冷
以,苡似
任,恁荏姙凭賃袵
伏,茯袱
伐,閥筏
休,鮴烋恷貅
会,桧絵
位,莅
何,荷
余,徐畭途餘叙斜敍塗除敘荼蜍
作,筰
佰,縮宿鏥蓿
來,憖麩麪賚麥麭徠
侖,崙崘論倫輪淪綸棆
侯,喉篌猴
便,鞭
保,褓褒葆堡
修,蓚
倉,愴蒼創搶槍艙蹌瘡鎗滄
備,憊
僉,倹検簽檢鹸剱険驗斂剣險劒匳劔儉歛臉劍瀲嶮瞼験
僕,濮
儿,竸罕奐竟寃悗蟯勘魔梭筅尠魏脱虎洗撓睦菟冦換逸贊魁絖廐滉稽悛続魃魎読輓橘堪冤饒跳晄魍尢輝魂尭獻鐃恍簪頽蹴藐旡完禿蒄亮蒐沈逃冠烱兢祝洸晩號晁愧巍橈无羌竣既煥廛就濳魑魅晃深饕先挽光堯曁疣魄漑尤説暁寇椹藝斟圀戡幌耽塊駟莞餽匹胤融陵埶驍瑰鬻慨纏麑纔浣囈鬼鯢鷸院薇発窕猊勉莵霓境犹繞糂枕佻姚翫廃鬲呪遶甚鑽唆翹譖忱遞探駿胱剋鷲隗譎焼潛鬩銑涜浚蛻概鴆俊讚隔澆眺泗耀鏡蕘皴讒燒碪皖陸銃銚裔眈鯱蠶膈皃傀渙頑酸喚琥売淕児兄克兌貎四充尨玩褫芫阮倪㓁喨桃吮兇兒兆娩彪誂峻嵬肬椶僥湛醜酖俛商嶢況冕免况挑貌元党兎睨跣冏鋭厖勢統槐熱競磽税僭褻魘巉曉閲微兜逵逡允兀兔厩尅悦鍖攜溌躔醗
兀,蟯撓絖滉饒晄輝尭鐃恍洸橈晃光堯暁幌驍薇繞遶翹胱焼澆耀蕘燒僥嶢磽曉微
允,梭悛竣唆駿浚俊皴銃酸充吮峻統逡
元,冦完蒄冠寇莞浣院翫皖頑玩芫阮
兄,脱兢祝説呪剋蛻克兌況况党鋭競税閲尅悦
充,銃統
兆,跳逃晁窕佻姚眺銚桃誂挑
兇,椶
先,筅洗贊濳鑽銑讚跣
光,絖滉晄輝恍洸晃幌胱耀
克,兢剋尅
兌,脱説蛻鋭税閲悦
免,寃悗菟逸輓冤晩挽纔勉讒娩俛冕巉兔
兎,莵
兒,麑鯢猊霓鬩貎倪睨
兔,寃菟冤纔讒巉
全,筌詮栓銓痊
兩,懣倆魎蹣輛裲滿瞞
兪,輸愈愉鍮楡覦渝揄蝓踰諭偸癒瑜喻逾喩瘉
公,総翁鶲蓊枩訟松鬆舩頌菘蚣淞聡瓮
六,宍暝冥醸壌嬢榠幎螟譲穣瞑溟
兮,盻諡
共,異饌糞撰暴閧瀑爆曝戴蛬臀殿巽港翼選鬨拱驥癜供澱哄巷恭冀洪
关,関咲
兵,鋲梹浜
其,稘廝撕厮箕旗基碁麒籏斯淇簸朞嘶騏期祺棋欺棊
具,鎮槙鷏慎真巓颶惧顛填塡倶
典,腆椣
兼,簾賺嫌歉慊濂廉鎌蒹謙
冀,驥
内,衲蚋柄丙納炳陋訥病吶靹鞆肭
円,蜻瀞倩猜鯖菁靜睛
冉,講髯稱購苒篝遘媾覯搆構冓溝再
冊,篇扁褊騙崙崘鑰論翩嗣籥編侖偏遍諞蝙倫刪輪龠淪跚珊綸柵棆
再,講購篝遘媾覯搆構冓溝
冏,橘烱鷸譎裔商攜
冒,帽瑁
冓,講購篝遘媾覯搆構溝
冠,蒄
冢,塚
冥,暝榠幎螟瞑溟
冬,鮗終柊螽苳鼕疼
凌,蔆
几,投芟筑瀛役酘肌疫處嵐瘋醫抗頽磐鳬贏馨亢没廢磬飢机撃恐鳧飄凱凰諷般颱航搬拠飆夙骰颶廏鑿飃癈臀凩慇繋緞發風穀殿珮毅殳槃蛩凪凧処設毆颪杭咒凭佩殺翳殷段殼颯癜澱凡轂楓燬殻殴毀盤椴跫鞏愨帆撥葮吭梵聲股鍛築汎坑謦羸頏瘢鳳冗伉
凡,筑瀛贏恐蛩跫鞏帆梵築汎羸
処,處拠
凶,黐离脳悩漓魑禽恟胸擒籬璃匈洶離兇椶檎
出,柮倔祟黜窟屈拙掘咄崛朏糶堀
函,涵
刃,綛靭忍籾荵認
刄,扨靱剱釼劔剏仭衂
分,吩瓰汾竕彜貧雰岔寡枌氛忿紛盆粉芬扮頒釁
切,窃砌
刈,苅
刑,荊型
列,洌烈例冽裂
別,捌
利,鯏犁莉痢梨俐蜊悧
到,倒椡
制,製掣
則,厠側廁惻測
剌,溂喇
前,揃剪翦擶煎箭
劉,瀏嚠
加,珈袈笳枷駕架跏迦伽嘉茄賀痂
助,莇耡鋤勗
劵,藤勝椦
勃,渤
勇,湧踴
動,勲慟働
務,霧
勞,癆撈
勤,懃
勹,褐勿詢鈞鞠徇葛愡垉謁湯藜蜴勾揚恂旬竭芍妁煦鮑蒟靤筍勺觴藹砲煬鞫淘跼場鈎檠恟刎抱芻瘍髑苞鄒偽匐蘯鉤菊萢包胸殤苟蕩偬惣惚蝎局鯣甸炮灼韵駒掏腸匆膓杓胞劬陶驚偈陽怱匍匂渇警裼黎蠍匁荀捌掲匀匏庖寫殉歇佝塲賜物鉋濁犂錫的碣敬燭皰枸易句忽為慯麹枹怐蝪咆掬遏萄趨笏屬潟釣拘傷譌約剔麭匈昜泡矚臈曷楊皺飽僞蔔椈絢暘吻洶葯瀉鞨葡蒭綯雛躅酌羯盪別獨疱狗洵蜀觸齣暢靄冩髱均喝蚫爲鞄葱囑豹袍雹
勺,芍妁灼杓的釣約葯酌豹
勾,鈎
勿,湯蜴揚觴煬場刎瘍蘯殤蕩偬惣惚鯣腸匆膓陽怱裼塲賜物錫易忽慯蝪笏傷剔昜楊暘吻盪暢葱
匀,鈞韵均
匂,褐葛謁藹渇掲臈曷靄喝
包,垉鮑靤砲抱苞萢炮胞匏庖鉋皰枹咆麭泡飽疱髱蚫鞄袍雹
匆,愡偬怱葱
匈,恟胸洶
匍,葡
匐,蔔
化,椛花靴訛糀埖硴錵囮貨
北,背乘嚥燕驥剩讌埀臙冀乖
匝,箍
匡,筐框筺
匪,榧
匱,櫃
匹,勘尠堪椹斟戡糂甚碪湛鍖
区,駆躯鴎枢殴欧
医,醫翳
匿,慝
區,嘔嫗嶇奩樞甌驅歐毆傴謳
千,鍾勳刋勲瓩挿插睡郵種燻剰陲慟竏粁錘腫仟捶働踵唾薫歃埀垂阡衝董熏重乖乗動醺
卅,帯丗滞棄
卆,伜翆粋忰枠砕酔
升,飜飛昇陞枡
午,啣忤滸杵許卸御禦
卉,尭暁奔噴墳蠎焼濆憤賁
半,絆袢拌胖叛判伴畔
卑,俾睥脾髀痺裨碑婢顰牌稗
卒,倅悴瘁醉翠碎猝膵萃粹埣淬
卓,罩悼綽掉棹倬啅
南,楠献遖喃
単,褝禅弾戦蝉箪騨
卞,抃
占,鮎點砧覘苫笘黏岾店霑点粘站拈沾貼帖
卦,褂掛罫
卯,瀏留鰡聊卵餾嚠籀劉瑠昴榴鉚霤溜孵茆瘤柳貿
危,詭跪脆鮠
即,卿節櫛喞
却,脚
卵,孵
卷,蜷惓圈綣倦
卸,啣御禦
厄,詭阨危軛跪脆鮠扼
厘,甅糎竰
原,愿願源
厥,蹶蕨獗
厭,壓靨黶魘
厳,巌
厶,肆総育魔梭魏即公黐魁旒欸髯髭翁髢始倒蔭払悛鰺鶲宏勾肱魃輊魎卿私靉曇魍魂縉柧伝鵄髣罎髮髪竢醯雲節桧壜蒐蓋却愧巍絋会竣髦套砿髟髫蔘胎魑魅蓊鈎魄桙藝溘羆垤蔬窓鬣塊弧眸餽鉱昿蛭鬢窒颱驂姪拡劫怯瑰怠鉾台弘囈鬼耘怡鴾呱態牽辮鬘枩苔滲広訟峅擡浤強咥辯唆紘紿陰紜笞鯵闔流駿駘鬚惨隗松耋泓浚嚔能緻俊殆雄繧鬟櫛慘擺弁膣繦襁皴㐬硫転盍薹銃法弃矣牟轍鬆舩傀髻髴頌毓酸至菰充云菘刧椡芸髷罷絵桎畆吮徹挨撤蚣峻嵬到簒俟埃飴醜琺瓠疏畚參晉淞治臻脚参厶致棄瓜統槐髱熊抬觚孤瓣聡瓮詒魘去冶逡允靆仏貽臺狐梳瓢琉喞
去,蓋却溘劫怯闔盍法刧琺脚
参,鯵惨
參,鰺蔘驂滲慘
叉,騷靫釵扠蚤
及,汲吸笈岌級扱
友,抜髪暖湲媛緩援煖爰
反,汳鈑飯版皈板叛仮坂販返阪
叔,寂椒俶督菽淑
取,娶娵聚驟陬趣掫樶叢輙諏最撮
受,授綬
叟,嫂捜痩搜艘溲
古,嫡箇個固兢罟倨蛄苦姑滴裾餬糊故踞鴣怙居涸痼胡剋蝴鏑据楜錮適枯敵瑚辜做湖克摘沽鋸估醐凅詁謫鈷葫尅
句,煦蒟跼檠鉤苟局駒劬驚警佝敬枸怐拘狗齣
只,枳咫
召,照髫韶招昭劭超邵紹貂詔沼齠迢
可,欹奇綺竒倚嵜寄謌羇柯彁椅碕婀掎痾呵猗埼軻苛舸訶剞歌渮荷崎何騎河畸珂阿哥
台,始胎颱怠怡苔紿笞駘殆飴治抬詒冶貽
史,駛
右,祐醢若惹諾慝匿佑
号,號饕
司,笥嗣覗祠伺飼詞
各,略閣輅畧洛貉酪烙咯蕗骼額落駱擱咎格露珞鷺客賂喀絡狢恪挌茖路
合,龕閤答箚翕荅哈鴿歙剳塔蛤峇搭粭拿姶拾盒鞳恰袷洽給
吉,橲熹廚詰結稠頡惆黠鱚鯛捨樹拮嬉襭佶膨擡鼓澎周纈舎舗劼鼕薹憙皷髻雕桔週彫鐵鐡綢簓蜩凋嘉瞽喜彭僖禧臺調
吊,嫦蟐常
同,筒洞興銅粡胴恫桐
名,銘酩茗
后,逅垢詬
吏,使
向,嚮餉
君,桾裙窘羣郡群
吝,悋
否,痞
含,頷莟
吾,衙悟梧唔牾寤圄珸齬晤語
呂,閭梠麿侶營櫚筥営宮絽
呆,褓褒葆堡棠襃保
呈,酲逞鐵程郢
呉,蜈娯誤茣虞麌
告,靠酷誥窖皓浩慥晧梏鵠造
呑,喬驕蕎矯嬌轎橋僑
周,稠惆鯛雕週彫綢簓蜩凋調
命,掵
和,啝
咢,鶚蕚萼鄂顎諤愕鍔齶鰐
咨,諮
咸,鍼箴撼減鹹憾緘轗鰔感喊
咼,禍萵窩蝸渦過堝鍋
哀,滾袞
品,嵒嘔嫗嶇髞奩操澡蕚樞甌懆噪驅癌歐毆譟繰傴燥藻謳區臨躁
員,韻圓隕殞損
哥,謌彁歌
唐,糖塘溏
善,繕膳
喜,橲熹鱚嬉憙僖禧
喬,驕蕎矯嬌轎橋僑
單,殫憚戰闡鄲襌嬋彈禪
嗇,檣薔墻牆穡艢
嚴,巖儼
囚,褞鰮瘟饂慍薀媼膃榲蘊泅
四,圀駟泗
回,羶徊禀擅茴迴檣薔蛔壇懍圖墻鄙顫牆氈凜凛穡稟亶廩檀嗇廻艢
因,恩茵氤咽姻烟
困,悃梱
固,箇個涸痼錮凅
国,掴椢
國,摑幗膕
園,薗
圣,径経軽怪茎
在,恠
圭,卦恚畦褂奎佳涯掛幇硅窪崖蛙哇崕珪啀鮭封娃挂閨袿桂街鞋睚罫
坐,挫座蓙
垂,睡郵陲錘捶唾
埶,熱
執,贄蟄鷙摯
堂,瞠螳
堅,樫鏗慳鰹
堯,蟯撓饒鐃橈驍繞遶翹澆蕘燒僥嶢磽曉
墨,纒
壬,艇妊挺恁酲衽任霆荏姙霪凭庭婬梃賃蟶袵廷淫郢
壮,荘装
壯,莊弉裝奘
声,馨磬聲謦
売,続読涜
壹,饐殪噎懿
壽,檮籌儔擣鑄疇躊濤
复,複復腹覆
夏,厦榎廈嗄
夐,瓊
外,迯
多,夥侈移
夜,掖腋液鵺
夢,儚
天,関蚕聟鎹欸喉篌关肄醫竢嶷蜘送奏擬踟渕雉嗾矩礙揆痴笶侯癡族癸猴矧昊知凝嫉咲矯翳薙医矢短矮矣葵疾候簇疑挨輳俟埃朕鏃湊俣椥智蔟
太,汰駄葢
夫,攤帙槻鶏畉嘆失灘麩渓軼窺鑚賛秩鉄麸纉替跌潜讃譛佚規儺趺歎芙攅扶艱輦漢難迭僣
夬,決刔快缺訣鴃决抉袂
夭,添飫喬妖驕蕎忝笑呑矯嬌轎殀橋僑沃
央,暎泱鴦秧映英怏瑛殃霙鞅
失,帙軼秩鉄跌佚迭
夲,皋
夷,洟銕姨痍
夸,跨胯匏刳桍瓠袴誇
夾,頰頬篋挾侠陜鋏莢浹狹峽筴
奄,罨閹俺掩庵菴淹
奇,欹綺倚寄羇椅碕掎猗埼剞崎騎畸
奈,捺
奉,棒捧俸
奏,輳湊
奐,換煥渙喚
契,喫禊楔
奚,鷄溪鶏渓谿蹊
奠,擲鄭躑
奥,襖
奧,墺懊燠澳礇
奴,拏努呶駑弩怒帑孥
如,恕絮茹洳
妄,侫
妥,綏餒
妻,褄悽棲萋凄淒
妾,椄霎接
委,魏巍痿萎矮倭逶
威,縅鰄
娚,嫐嬲
婁,褸縷藪數楼螻樓髏籔窶鏤僂簍瘻
嬰,櫻纓嚶瓔鸚
孔,吼
存,荐拵栫
孚,乳桴俘蜉艀浮殍孵郛
孛,悖渤勃
孝,酵教哮
孟,猛
季,悸
孤,菰
孫,遜
孰,塾熟
孱,潺
宀,寃綻定聹它宗縮檸狩案暄演綜宍寂椀家宴字宛宏貯按縡宕宜宵騫稼富寅宅完獰疉詫濘晏箜鮟蛇鋺濱宋実蜿宰寄宿謇竚鶴密喧宝淙瀋宇寇綰害椌竇竊窓舘苧寔寛侘塞莞搾鬢紵寡窒穹窰竄窿窟窄粽寮牢浣嫁菅擦駝腟棺樒割鴪寢碗院確竅窩碇突窕寝實寒腔憲賽掟萱搴腕柁寓寧寞穃額殯窶窖舵寥咤擯浤鉈寤寐嬪寫察窃窗竃窺寵審諚婉棕榁榕寨佇陀窪穿踪穽寶鏥諠崇邊淀嚀轄窘竈窯空窈寳館賓邃膣繽究窮穴滓皖寰鴕佗錠控蓿萓蹇客豁瀉誼宮宣倥溶喀糘寉安蜜鞍蓉沱愃檳守熔宸室聢官詑管瞎宙宥容鎔啌豌櫁宦
它,蛇駝柁舵鉈陀鴕佗沱詑
宅,詫侘咤
守,狩
安,案按晏鮟鞍
完,莞浣院皖
宏,浤
宗,綜淙粽棕踪崇
官,綰舘菅棺館管
定,綻碇掟諚淀錠聢
宛,椀鋺蜿碗腕婉豌
宜,萓誼
客,額喀
宣,暄喧萱諠愃
室,腟榁
宰,縡滓
害,割轄豁瞎
家,稼嫁糘
容,穃榕溶蓉熔鎔
宿,縮鏥蓿
寅,演
密,樒
寉,鶴確
察,擦
寧,聹檸獰濘嚀
審,瀋
寫,瀉
寺,畤恃待蒔時塒侍痔特持詩峙等
寿,鋳畴陦涛祷梼
封,幇
尃,縛博
射,謝麝
将,醤蒋奨
將,蔣鏘奬獎漿
專,磚轉甎蓴傳囀慱團摶槫
尉,慰蔚熨
尊,蹲遵鱒墫樽噂
尋,蕁潯
少,尠瀕沙鈔濱抄鯊頻鬢捗眇秒殯省擯莎劣嬪渉裟杪紗雀渺顰歩賓炒繽陟蘋緲隲毟妙檳砂娑
尓,迩袮弥寳称珎祢
尚,嘗當嫦廠瞠蟐敞甞裳償掌襠螳幤棠賞礑儻淌厰常鐺蟷党堂黨
尢,稽蹴就疣尤犹鷲尨肬厖
尤,稽蹴就疣犹鷲尨肬厖
尨,厖
尭,暁焼
就,蹴鷲
尹,君伊桾裙笋窘羣郡群
尺,駅択釈尽沢侭咫昼呎訳鈬
尼,昵眤泥怩
尽,侭
尾,梶
局,跼
居,倨裾踞据鋸
屈,倔窟掘崛堀
屋,握幄渥齷
屎,屡
屏,塀
展,碾輾
属,嘱
屬,矚囑
屮,溯厥蚩瓲艸逆愬鈍芻蹶鄒塑蕨遡闕純屯趨槊噸邨嗤皺獗蒭雛沌頓朔飩
屯,瓲鈍純噸邨沌頓飩
岡,綱鋼棡崗剛
島,搗槝
崔,催摧攜
崩,繃
嵒,癌
州,酬駲洲
巣,剿樔勦
左,髓橢膸楕佐隨隋墮惰
巨,矩炬秬拒苣鉅渠距
巫,靈誣鵐檣薔覡噬墻牆穡筮嗇艢
差,蹉瑳磋搓槎嗟嵳嵯縒
巳,饌祀垉熈熙鮑靤囘苞炮匏鉋僊皰枹咆麭煕疱髱蚫袍雹
巴,葩把悒癰耙邑笆巵杷滬色絶廱扈梔肥爬琶芭艷艶
巵,梔
巷,港
巻,圏捲
巽,饌撰選
市,閙肺旆鬧霈柿沛姉
布,晞唏鯑怖希稀欷
希,晞唏鯑稀欷
帚,箒帰掃歸婦菷
帛,棉綿緜錦
帝,啼蒂啻締楴諦蹄
師,鰤篩獅
席,蓆
帯,滞
帶,滯蔕
常,嫦蟐
幕,冪羃
干,奸罕肝刊鮃逹擇睾報悍贄啣刑午垪倖稈扞妍瓶鐸桿坪鼾執幹忤泙岼幸驛譯枅杆屏捍荊澣楠苹併駢餠塀蟄怦訐栞澤繹懌秤圉萍骭軒平献笄餅鷙滸并幵剏杵胼許岸駻遖年研喃絣竿旱釋卸迸評御汗形開型南禦摯
平,鮃坪泙岼苹怦秤萍評
幵,刑妍枅荊餠栞笄研形開型
并,垪瓶屏併駢餠塀餅剏胼絣迸
幸,逹擇睾報贄倖鐸執驛譯蟄澤繹懌圉鷙釋摯
幹,澣
幼,黝拗窈
幾,饑磯譏機
广,廬魔椨廟廐廝縻嘛靡廓簾蹠廚廣糠廖絋廢糜軈砿廛廠摩蓆糖廡席麒麝鉱昿麓麾庇床廊鷓拡鷹腑纏麑麌麟麋腐麿庄廏唐序麻膺曠麕麁麼府庁底庵廁傭康廃広店庚麗応遮礦庖廂鱇庶渡座鹿轆應慶慷度粧庫庸鑛慵塘濂薦廉灑塵麈庠廈驪庭擴蓙儷鏖廰賍漉廱溏磨蔗廳壙俯廩鍍廨躔
広,絋砿鉱昿拡
庄,粧賍
府,椨腑腐俯
度,渡鍍
座,蓙
庶,蹠鷓遮蔗
康,糠鱇慷
庸,傭慵
廉,簾濂
廛,纏躔
廣,曠礦鑛擴壙
延,莚涎誕蜑筵蜒
廷,艇挺霆庭梃
建,鍵健腱
廾,誡漕篇借體扁褊彝尭糟飜帯蟒卉囲飛騙聨算彜暁槽艚奔鼾崙腆噴莽纂膿崘惜嬶曹墳展碾鑰丗弉鼻峅儂遭蠎籍弊曲論藉翩穽焼嗣農濃昇弄籥編戒陞耕枡濆弁侖偏滞鱧錯憤丼弃嚊遍措昔諞蝙舁倫廿冊禮典哢升刪鵲醋髷椣卅賁畊輾輪簒軆龠淪豊跚械棄珊醴綸柵棆葬井艶
廿,謀攤鰈柑勘尠懣箝鞠靺韈靭某稘廝嵌堪鞣靴鞭靼蚶蹠酣槿帯篏撕靱鞦其靫厮箕蹣羇蓆鞫鞘席椹帶旗煤斟基戡碁瑾麒甞鷓紺懃紲籏甜丗嚥世憇糂緤拑滿楪楳邯遮霸媒甚庶渡燕度覲蝶甘諜笹覇覊滯鉗牒碪渫滞斯淇儺讌簸朞鞜鞁嘶鞨葉鞴鞏疳蔕満騏艱蔗羈坩期勒祺鞍泄瞞革韃臙湛貰鞳韆靹鞆棋棄喋欺鞐鞄鞋鞅饉棊鍍鍖
弁,峅弃
弄,哢
弋,垈蔵伐鵝誡畿貮韈摑贇贓饑臓臧濺誠鵞蹙義絨淺箋臟晟磯鍼箴撼貸娥閥孅筏黛践試羲武減戉拭戡襪鹹織纎哉曦纖幟戠殘戴戯藏戈踐軾斌歳犠戮戳截幗儀憾繊戲戦識議戰惑岱銭犧咸膩膕籖國戛戔残越莪餞餓杙俄殱戎戚讖幾籤弌弑弐鉞或戍殲譏戒域戝緘式賦棧錢戞戊穢我戌錻轗栽蛾礒賤弍浅代牋戟成鳶賎懺嶬筬鐵鐡蟻鰔槭盞峩馘威懴袋峨機艤城鵡裁械縅職玳蔑熾綫鰄哦感賊貳茂閾載桟喊盛找滅
弍,膩貳
式,試拭軾弑
弔,梯悌鵜第涕弟剃睇俤
引,蚓矧
弗,拂沸怫佛髴彿費狒
弘,泓
弟,梯悌鵜涕剃睇俤
弯,湾
弱,鰯蒻搦嫋鶸溺嵶
張,漲
強,繦襁
彌,瀰
彎,灣
当,档
彖,篆喙掾櫞蠡縁椽
彗,慧
彡,衫醪髯髭髢鰺疹髣髮髪摎廖髦髟髫蔘彩須鬣諺鬢驂蓚戮穆繆鬱鬘顔顏滲寥膨餮樛殄鯵蓼鬚惨軫偐診澎鏐鬟慘趁杉膠鬆髻髴彬影彰彫尨髷簓彦彪珍參囓彭形参厖髱修勠袗畛謬
彦,諺顔顏偐
彫,簓
彭,膨澎
彳,鵆絎徳從徊従徇徒徽役衙律径徐徑葎待後蹤縱衢哘復徼征往徴徨縦衡徂徃得樅薇屐覆慫銜履行循彿桁聳衝衒徹徙徘術裄衞垳街彷徠很御愆衍衛微禦彼徭懲黴
律,葎
従,縦
從,蹤縱樅慫聳
御,禦
復,覆履
微,薇
徴,懲
必,祕密謐樒瑟秘蜜泌櫁
忍,綛荵認
志,痣誌
忝,添
念,唸棯捻鯰稔
忽,惚
思,濾偲鑢顋慮腮鰓
怱,愡偬葱
恣,懿
息,憩熄
恵,穂
悉,蟋
惟,罹
惠,穗
惡,鐚
愈,癒
意,臆億憶噫檍
愛,瞹靉曖
感,撼憾轗
慮,濾鑢
憂,優擾
應,軈
戈,蔵伐鵝誡畿韈摑贓饑臓臧濺誠鵞蹙義絨淺箋臟晟磯鍼箴撼娥閥孅筏践羲減戉戡襪鹹織纎哉曦纖幟戠殘戴戯藏踐歳犠戮戳截幗儀憾繊戲戦識議戰惑銭犧咸膕籖國戛戔残越莪餞餓俄殱戎戚讖幾籤鉞或戍殲譏戒域戝緘棧錢戞戊穢我戌轗栽蛾礒賤浅牋戟成賎懺嶬筬鐵鐡蟻鰔槭盞峩馘威懴峨機艤城裁械縅職蔑熾綫鰄哦感賊茂閾載桟喊盛找滅
戉,越鉞
戊,茂
戌,韈襪歳戍穢蔑滅
戍,畿韈饑磯鍼箴撼減襪鹹憾咸幾譏緘戌轗鰔威機縅蔑鰄感喊
戎,絨賊
成,誠晟筬城盛
我,鵝鵞義娥羲曦犠儀議犧莪餓俄蛾礒嶬蟻峩峨艤哦
戒,誡械
戔,濺淺箋殘踐餞棧錢賤牋賎盞綫
或,摑幗惑膕國域馘閾
戚,蹙槭
戠,織識職
戻,綟捩涙唳
扁,篇褊騙翩編偏遍諞蝙
扇,煽
扈,滬
才,閉豺財材犲
折,逝哲浙誓晢
拑,箝
拜,湃
擧,欅襷
支,妓技伎翅枝屐岐鼓鼕跂瞽肢
攴,政冦撒務放絛贅熬鰲徼徴倏檠寇攻繁蓚繖嗷救故驚竅薇敕牧敏警敖敍枚篠覈敗敲激鼇教敬薮螯緻傲数整霧遨敵敷散霰邀做改嫩檄筱攸徹撤悠致倣修脩條微懲滌
攵,巌瞥徽孜肇暾燉收鐓攷蔽藪廠暼鶩攴敞敝數赦斂籔鼈斃巖釐敦幤弊嚴澂敘效變螫儼幣傚轍敢瞰厰畋愍厳橄綮瀲啓黴
攸,絛倏蓚篠筱悠修脩條滌
放,贅熬鰲徼嗷竅敖覈激鼇螯傲遨邀檄倣
故,做
效,傚
敏,繁
敕,整嫩
敖,贅熬鰲嗷鼇螯傲遨
敝,瞥蔽暼鼈斃弊幣
敞,廠幤厰
敢,巌巖嚴儼瞰厳橄
散,撒繖霰
敦,暾燉鐓
敬,檠驚警
数,薮
數,藪籔
斂,瀲
文,贇虔馼吝蚊悋斐剤斑斌緕斎顏済偐対紊斈紋憫斉閔旻
斉,剤緕斎済
斌,贇
斗,魁抖槲斟斜蝌萪科斛料斡蚪
斛,槲
斥,柝拆訴泝
斬,嶄漸慚塹鏨慙暫槧
斯,廝撕厮嘶
新,噺薪
方,旒謗放芳贅髣熬鰲徼旛妨葹旗圀旄舫旋斿紡旌旅嗷枋施旆竅籏嗾膂唹旃敖於房旁膀覈族磅游激餝遊榜鼇邊蝣螯傲傍錺遨訪鯲敷邀楞肪檄魴滂旙簇蒡閼鏃彷倣坊淤蔟防
於,唹鯲閼淤
施,葹
斿,遊
旁,謗膀磅榜傍滂蒡
旅,膂
族,嗾簇鏃蔟
旗,籏
旡,廐簪无既曁漑慨譖潛概蠶僭厩
既,漑慨概厩
旦,羶胆晝亘暄糧妲湯垣疸揚靼擅恒觴煬坦喧得場曁担瘍蘯殤碍蕩壇腸膓陽萱昼但塲諠慯怛顫蝪氈傷昜楊暘袒宣盪愃暢亶桓量檀
旧,稲焔陥児
旨,嘗詣稽鮨脂指
早,罩乾鐔廟瀚悼綽嶂章幹潭樟潮澣鱆璋譚障蕈掉覃棹韓草斡戟翰簟彰卓朝倬瘴啅嘲
旬,詢徇恂筍荀殉絢洵
旱,悍稈桿捍駻
昆,混箟焜菎鯤崑棍
昌,娼菖猖唱倡椙
明,萌盟
昏,婚棔
易,蜴鯣裼賜錫剔
昔,借惜籍藉錯措鵲醋
昜,湯揚觴煬場瘍蘯殤蕩腸膓陽塲慯蝪傷楊暘盪暢
星,猩腥惺醒
春,惷蠢鰆椿
昭,照
是,堤提寔題匙醍
時,蒔塒
晃,滉幌
晉,縉
普,譜
景,憬影
晶,橸
暴,瀑爆曝
曇,罎壜
曲,漕體糟槽艚腆膿曹儂遭農濃鱧禮典髷椣軆豊醴艶
曳,絏洩曵
更,鞭哽粳甦便硬梗峺
曷,褐葛謁竭藹蝎偈渇蠍掲歇碣遏臈鞨羯靄喝
曹,漕糟槽艚遭
曼,鰻饅縵鬘幔蘰鏝慢謾蔓漫
曽,憎甑増層噌僧贈
曾,囎
替,潜譛僣
最,樶撮
會,獪膾薈鱠繪檜
有,肴囿髄侑陏随郁淆賄宥鮪堕
朋,繃萠棚弸硼崩堋鵬
服,箙
朔,溯愬塑遡槊
朕,騰謄
朝,廟潮嘲
未,藕朱茱魅耙蛛昧耘耡味眛籍寐釐耒藉殊珠耜耕耨侏株銖耗妹洙誅誄
末,靺沫茉秣抹
本,鉢体笨躰
札,紮
朮,述術
朱,茱蛛殊珠侏株銖洙誅
朶,躱
朿,策蕀棘棗刺
杉,彬
束,悚柬速獺欄爛竦頼揀蘭籟敕辣嗽襴嬾剌勅整諫癩楝踈鶫懶嫩溂鰊闌瀾疎漱瀬喇藾
来,莱
東,煉鶇蘭陳錬練棟諌凍
松,鬆菘淞
析,蜥皙淅晰
林,魔縻禁嘛靡爨瀝糜摩梦焚麓麾痳霖痲麿癧歴麻麼噤轣楚礎櫪埜森襟淋婪潸梺彬靂磨暦梵琳罧醂菻
果,菓剿顆踝夥巣樔裹裸彙勦課
某,謀煤楳媒
柔,鞣糅揉蹂
柬,欄爛揀襴諫楝鶫鰊闌瀾
査,渣
栗,篥慄
桀,磔傑
桼,漆
梁,簗
條,篠滌
棘,蕀
楚,礎
楽,檪薬
榮,蠑
樂,爍藥鑠礫轢擽櫟
樊,礬攀
次,瓷諮咨姿粢恣懿茨盗資
欣,掀
欲,慾
歇,蠍
止,齟政瀕贇髭嫣堽啣齒征瀝砦企齔頻武眄歪斌歳捗鉦癧此歯歴蕋耻呰正莚轣紫渋渉麪澀趾涎噛眥澁櫪証歸焉凪眦顰歩整篶賦雌穢陟錻蘋齬靂祉症誕齲齦柾徙嘴卸阯址齪齧齷齣延鵡囓御疵蜑肯觜齢齶齠筵禦沚些貲蜒柴齡
正,政嫣堽啣征眄歪鉦莚麪涎証焉整篶症誕柾卸延御蜑筵禦蜒
此,髭砦呰紫眥眦雌嘴疵觜些貲柴
武,贇斌賦錻鵡
歩,瀕頻捗渉顰陟蘋
歯,噛齢
歳,穢
歴,瀝癧轣櫪靂
歹,洌列烈屍殘薨殤殫歿夙殪死斃殯餮殉殄残例殱殊殞殆殲殍殖殃殕殀薤冽葬裂
死,屍薨斃葬
殄,餮
殳,投芟役酘疫醫磐馨没廢磬撃般搬骰廏鑿癈臀慇繋緞發穀殿毅槃設毆殺翳殷段殼癜澱轂燬殻殴毀盤椴愨撥葮聲股鍛謦瘢
段,緞椴葮鍛
殷,慇
殿,臀癜澱
毀,燬
母,姆拇栂莓苺誨袰
毎,悔莓繁海侮敏塰毓誨晦梅
毒,纛
比,箆豼混箟毘批麒麝秕麓庇枇楷篦麑纔麌蓖麟麋屁焜粃麕麁麗菎鯤紕鹿轆崑陛皆階昆偕灑塵麈讒驪儷諧鏖揩漉棍貔砒妣巉琵
毳,橇
民,氓岷緡眠泯罠愍
氣,愾
永,詠脉怺泳昶咏樣漾
氾,笵范
求,逑球裘救毬
江,鴻
沓,踏鞜
沙,鯊莎裟娑
沛,霈
沾,霑
泉,湶線楾腺
泊,箔
法,琺
泙,萍
泡,萢
波,菠婆碆
洛,落
活,闊
浦,蒲
海,塰
涌,慂
淫,霪
淮,匯
温,薀
湯,蘯蕩盪
溥,簿薄
滕,藤籐
滿,懣
潘,藩
澡,藻
灰,詼炭恢
炎,痰餤淡啖談毯
為,偽
烏,嗚塢
烝,蒸
焉,嫣篶
無,嘸廡憮蕪撫
焦,鷦憔礁蕉樵
然,撚燃
熊,羆
熏,勳燻醺
燕,嚥讌臙
爪,抓笊爬
爭,淨箏瀞崢錚靜諍
爰,暖湲媛緩援煖
爲,譌僞
爵,嚼
爻,彌欝攪駁禰學黌樊礬鷽璽邇覺濔爼攀爽瀰爾
爾,彌禰璽邇濔瀰
牙,芽邪訝鴉谺穿呀雅冴
牟,桙眸鉾鴾
物,惣
犀,遲穉
犬,壓獣魃嶽獻髮厭祓茯倏撚伏秡憖拔飆然状猷献跋獎默闃吠哭黙燃袱靨嗅黶獄獸魘黻
狂,誑
狄,逖荻
猪,潴
猶,蕕
獄,嶽
玄,絃茲蓄磁弦蟀牽舷鉉眩慈呟衒孳率滋痃畜
率,蟀
玉,壬閠国宝璧掴璽瑩椢筺王
王,玉筌筐詮珈琅鰉抂酲逞汪閠理国往徴徨篁聖球鍠宝瑳瑾瑪鬮駐凰斑蝗瑤瑰璧掴呈瑙璢鬥潤瑠瑯珱瑶現栓注鬧鬪瑣玲隍皇珮註狂銓環瑞班璋寶璽惶珠鬩遑弄澂鬨瑟瓊璞住璃寳枉珥瑛麈瑕珸瑁瑩瑜碧瑚瓏主匡珞珪琥玻珀哢痊鐵琿柱玩廳琲珎蟶閏對珂聽珍琳玖椢程湟瓔玲琺框筺望琶珊琢玳旺琴誑郢全懲琵琉煌
瓜,柧弧呱菰瓠觚孤瓣狐瓢
瓦,瓲瓰瓱瓩瓶瓷甓甄甌甅甑甕甍甃甎瓧瓸瓮
甘,謀柑勘尠箝某稘廝嵌堪蚶酣篏撕其厮箕椹旗煤斟基戡碁麒甞紺籏甜憇糂拑楳邯媒甚鉗碪斯淇簸朞嘶疳騏坩期祺湛棋欺棊鍖
甚,勘尠堪椹斟戡糂碪湛鍖
甜,憇
産,薩
甫,逋哺簿愽溥鯆脯蒲輔賻捕圃膊匍浦薄傅埔舗餔搏舖敷榑補葡鋪尃縛黼博
甬,桶通誦樋慂踊鯒蛹涌痛俑
由,演廸油娉胄寅柚釉抽蚰舳鼬穂紬届軸画岫恵聘迪専冑騁宙袖
甲,押單単褝閘禅弾呷殫憚戦戰胛蝉狎闡鄲襌嬋匣岬鴨箪騨彈禪
申,伸抻神坤鰰捜呻紳痩榊暢
男,虜嫐湧嬲舅勇甥踴娚
界,堺
畏,隈猥
畐,福富幅副
留,鰡餾籀瑠榴霤溜瘤
畜,蓄
畢,篳蹕
番,蟠飜鐇旛瀋膰蕃潘鷭翻審燔幡繙旙藩播
畫,劃
異,糞戴翼驥冀
當,襠礑鐺蟷
疋,綻定堤従嶷縦提蛋蔬旋寔胥擬題碇掟礙是癡楚諚匙礎凝淀嚏錠婿疑聢疏壻醍疎
疏,蔬
疑,嶷擬礙癡凝
疾,嫉
癸,揆葵
発,廃溌醗
登,燈嶝橙證澄磴鐙
發,廢癈撥
白,爍鰉廐湶拍檪棉藐泉徨篁鍠宿藥曁綿線凰楷蝗鑠百舶廏樂礫習楾轢隍皇激階惶錦擽遑櫟偕戞薬邀腺諧泊揩梍原迫湟槹貌源伯兜煌
百,縮宿竡佰憂弼粨優栢鏥擾戞蓿陌瓸貊
皀,廐曁廏梍
皃,藐貌
皆,楷階偕諧揩
皇,鰉徨篁鍠凰蝗隍惶遑湟煌
皐,槹
盈,楹
益,謚溢鷁隘鎰縊
盍,蓋溘闔
盡,贐壗燼儘
監,藍襤籃儖鑑繿艦濫檻
盧,廬爐臚轤櫨鱸鑪顱驢蘆艫瀘
直,植稙悳埴殖矗値置
相,孀箱湘霜廂想
盾,楯遁循
眇,渺緲
眉,嵋媚
県,縣懸纛
眞,愼鷆鎭癲嗔塡槇瞋
真,鎮槙鷏慎巓癲顛填
睿,叡濬
瞿,攫衢钁懼矍
矍,攫钁
矛,務袤橘鞣柔鶩糅鷸楙懋譎揉霧矜茅蹂
矢,聟欸喉篌肄醫竢嶷蜘擬踟雉嗾矩礙痴笶侯癡族猴矧知凝嫉矯翳薙医短矮矣疾候簇疑挨俟埃鏃椥智蔟
矣,欸竢挨俟埃
知,聟蜘踟痴椥智
石,鮖砠磚破宕磯砺磔砧磐磑磬砲砦砿磧砥磁碵碼碩碕碁岩碍蠹碗碚碎確碾磊碇碓礫矼礬礙碆磆硅磋拓礪礦碌碑磅硝碯礎鉐蠧斫硯碣硴礁硼硬礑碧硫碪硲礒礇研柘砕磴磨妬砂砒跖磽砌
神,鰰榊
票,漂嫖鰾飄剽驃飃慓標縹瓢
祭,蔡擦察際
禀,凛
禁,噤襟
禸,禺黐藕离漓勵魑嵎禽竊癘擒辭萬寓礪属偶遇籬璃隅蠣邁糲齲離愚檎禹亂嘱
禹,属齲嘱
禺,藕勵嵎癘萬寓礪偶遇隅蠣邁糲愚
离,離
禽,擒檎
禾,稾酥魏黐龝稲稽稘稿藜鯏私蓁乘秀鍬稱頽稙稼啾利秋禿瀝鞦馨巍稈稻稠湫誘透種稷穐痿秕秡菌秣銹懍癪癧穆穂積黏秧秒秦麕穎穗穃穩薐蝌黎租秤萪科秬甃黍轣穏委穀榛移萎秩櫪犂穰穫萩犁穣蘇蘓莠莉痢楸穢和凜矮称秘剩穉穡綉愁靂愀鰍梨箘馥香秉俐季稟程稀稔倭啝悸逶臻稜稗稚税廩蜊悧稍
禿,頽
秀,誘透銹莠綉
秋,鍬啾鞦湫甃萩楸愁愀鰍
科,蝌萪
秦,蓁榛臻
稜,薐
稟,懍凜廩
積,癪
穴,箜椌竇竊窓搾窒穹窰竄窿窟窄鴪竅窩突窕腔窶窖窃窗竃窺窪穿穽邊窘竈窯空窈邃膣究窮控倥啌
空,箜椌腔控倥啌
窄,搾
窒,膣
立,竸妾竟撞橦朧童竓謗竪艟壟縡竝竦竒竭竢龕僻暗蒟部嶂嵜宰倍竣翌竚翊竜竡竕龍椄黯章端薜薩新柆樟織甓韶諺襲幟戠薛親粒璧辧潼臆霎韻噺避億韵莅憶蘢碚譬辭笠響境臂辣辮篭襯劈陪識顔顏竏竍旁鱆諳膀壁霹音噫辯磅寵嬖擘賠辟榜璋襞毅障苙偐蘖蘗闢辞隴傍癖幢憧接泣鏡剖籠薪培焙滓颯殕瓏辨産辛辜位滝站蔀躄靖彰意拉竰滂聾彦瞳蒡商檗瀧檍職瘴競熾瓣菩梓闇鐘槞僮
竒,嵜
竜,篭滝槞
竟,竸境鏡
章,嶂樟鱆璋障彰瘴
童,撞橦艟潼幢憧瞳鐘僮
筑,築
答,箚
筮,噬
算,纂簒
箭,擶
節,櫛
粛,繍
粥,鬻
粲,燦
系,縣鯀懸纛緜遜係孫
約,葯
累,騾縲螺瘰
絹,羂
維,羅鑼蘿邏
縁,櫞
縢,籘
縣,懸纛
縵,蘰
罔,魍網惘
署,薯曙
罷,羆擺
羅,鑼蘿邏
美,躾羹
羔,窯羮羹
義,犠儀議礒嶬蟻艤
羲,曦犧
翁,鶲蓊
習,翫慴摺褶
翕,歙
翰,瀚
老,蓍鰭姥蛯耆嗜耄耋咾
耂,暑蓍都煮著鰭孝堵豬酵楮姥渚蛯潴赭緒薯拷儲墸耆嗜教耄耋賭曙屠者老咾諸猪偖栲考覩藷哮闍躇箸睹署瀦奢
考,拷栲
者,暑都煮著堵豬楮渚潴赭緒薯儲墸賭曙屠諸猪偖覩藷闍躇箸睹署瀦奢
耆,蓍鰭嗜
而,臑揣喘糯懦端儒需襦嬬蠕粫猯繻瑞惴耐轜湍濡孺
耒,藕耙耘耡籍藉耜耕耨耗誄
耶,爺揶椰
聖,蟶
聚,驟
聴,廰
聶,摂躡鑷顳囁攝懾
聽,廳
聿,肆晝畫簫肇肅筆律葎贐肄鍵瀟壗燼健書繍粛蕭儘腱劃嘯津建盡
肅,簫瀟蕭嘯
肋,筋
肖,梢峭哨宵逍悄鞘趙消屑蛸霄硝削銷誚鮹稍
育,轍徹撤
肴,淆
胃,謂膚蝟渭喟
胡,餬糊蝴楜瑚湖醐葫
胥,婿壻
能,羆態擺罷熊
脊,鶺蹐瘠
臧,贓臟藏
自,厦首馗臭鼾憩嬶寡鼻邉戛道榎邊夏廈嚊息馘導熄嗅嗄
臭,嗅
至,握倒輊鵄垤蛭幄窒姪腟屋擡咥榁耋緻膣薹渥椡桎到齷室臻致臺
致,緻
臺,擡薹
臾,諛萸腴
與,欅嶼擧譽舉襷歟
舌,濶聒乱話舘憩甜憇括蛞舐舒辞銛舖舍活刮闊筈恬
舍,舘舒舖
舎,捨
舛,瞬磔隣鱗麟憐蕣傑鄰舞燐舜桀桝
舜,瞬蕣
般,磐搬槃盤瘢
良,狼琅娘廊螂莨浪瑯榔郎粮踉朖朗
色,絶艷艶
艸,芻鄒趨皺蒭雛
芒,鋩
花,椛糀埖硴錵
芳,餝錺
芻,鄒趨皺蒭雛
苗,描錨猫
苛,渮
苟,檠驚警敬
若,惹諾慝匿
英,暎瑛霙
茲,孳
荅,剳塔搭鞳
荒,慌
莫,謨摸冪羃貘糢驀墓慕寞蟆膜蟇幕模漠募獏暮
莽,蟒
菫,勤
華,曄嘩譁樺
萃,膵
萬,勵癘礪蠣邁糲
著,墸躇
葛,臈
蒙,朦檬艨曚濛矇
蒿,藁嚆
蔑,韈襪
蔵,臓
蕩,蘯
蕭,瀟
薛,蘖
薜,蘗
藏,臟
藝,囈
藺,躪
虍,謔廬虚虎虔虜處獻爐虐號濾臚饕虞罅鑢墟遽戯轤膚據櫨鱸戲鑪遞慮劇顱驢蘆歔鯱瘧琥褫盧彪艫醵嘘虧瀘
虎,號饕遞鯱琥褫彪
虐,謔瘧
虚,墟戯歔嘘
號,饕
虫,蟯蜷蟠蚩蚕騷蜴蜻蜈蛎蚶蛍嵐蜉瘋蟒蜥虹蛆蛇蚓蚊蜘蜿蟹蚌蛋蚰蛄蚋蟐髑飄螺蝨蛮蛭諷蝕融螂颱蝗螻蟀蝎蛛蛯蛔掻蠑蠅蠹飆颶蠕蛬蛹蛸蛟蛤蠏蝓蟋蟄螟飃蝌蟆螽蠖蠍強蛞蠎属蟇蝟蝸蝋螳風蝉螢蠧濁蝴蝠燭蝶繭蠱蛩蛻蝮蝣螯颪蝪螫蠻蛙屬繦蠡蝦襁颯蝿蠣蛾矚蠢蠶嗤蝙楓触蜂蜍蛉蚯蜚蜃蟻躅齲雖蜜蜩蟶獨蚣虻蟷蜀觸蟾蚪禹嘱虱蜑蟲騒蜊蚤蚫独囑櫁蜒蜆
蚤,騷
蚩,嗤
蜀,髑濁燭屬矚躅獨觸囑
蜜,櫁
蟲,蠱
血,睾衄衆洫衂恤
行,鵆絎衙衢哘衡銜桁衝衒術裄衞垳街愆衍衛
衍,愆
衣,攘衰壞孃袤衾壤褒醸俵懐袈衷喪禳裘嚢壌襲嬢裳壊製薗園遠譲蓑裴滾裹哀裟襞穰依裝轅襄穣讓曩襃榱裔猿驤袞懷簑装袋袰裏袁裁釀褻表畩裂簔
表,俵
衰,蓑榱簑簔
袁,薗園遠轅猿
袞,滾
裁,纎戴截殱鐵
裏,滾袞
襄,攘孃壤醸禳壌嬢譲穰穣讓曩驤釀
襾,票鐔漂嫖鰾飄潭剽驃飃価慓覈標譚蕈覊覃簟縹瓢
要,腰
覃,鐔潭譚蕈簟
見,攬欟攪槻欖靦寛覘覬覧親纜覦襯覡現覯窺覿硯覲覽覓観覺覗覚視觀規覩筧撹俔蜆
規,槻窺
覚,撹
親,襯
覺,攪
覽,攬欖纜
觀,欟
角,桷觴蟹槲蠏斛懈邂触觝觧鵤嘴觸觜埆觚解廨
觜,嘴
解,蟹蠏懈邂廨
言,謨講謀謔誡詭詢誉詣詮誠謁謚謎欒謗詼嶽読詠誣詈謂謖謝簷詰詫臠彎誦詬話藹攣謇謌謹罸詳誤誘鞫贍誥試説誹該謐謄護巒灣諺諷訛譯譴訂訖膽憺託訃討證譱譬訓訊訝諱譫識議警譲譽讙鑾訐諾訟諳擔澹訌辯譖戀計註諮訴諚儲諭論諢証讀譚譎譜譁讖診諠諛訣訶諜諡設讃燮讎讚譏譛譟滸讓變蠻諤訪諸諫訳讒譌讐許訥諦諒記諧諞讌謡藷鸞諏誨這誕檐誼謠詛詔誚誂認諍評詁諂詩謳謾蟾詑課靄語誓誇談詐獄信謦謫諌詒詆誑誅誌瞻誄誰諄詞調請謙謬罰
討,罸
許,滸
諸,儲藷
謁,藹靄
谷,壑卻峪浴穃谺榕谿硲慾裕豁溶郤逧蓉欲熔容俗鎔
豆,豈饐體燈鎧嶝壹橙頭廚逗磑痘凱樹覬殪證戲登闘膨鬪剴鼓澎噎荳鼕鱧短澄榿皷皚禮鐡磴瞽豎軆懿豊彭醴艷鐙厨豐豌艶
豈,鎧磑凱覬剴榿皚
豊,體鱧禮軆醴艶
豐,艷
豚,遯
象,橡豫像
豪,壕濠
豬,瀦
貌,藐
貍,霾
貝,頤頰領貮饋瀕嘖禎贇貭贓贊貢濺獺頬負贅賈貯贐贄財贋頽頭簣嶺責贔贏貸貫狽濱頷齎頼頡磧贍貧贖貪厠績罌頴頻須竇碵碩類犢賻噴購樌鬢巓顆顋癲墳賺韻償籟癪題嶺積顕側實唄潰續賽遉纐櫻廁嬰圓偵顔穎顏顛額殯幀襭牘遺擯膩纓屓鑽瑣嬾嬪敗顎蕷鑚匱賜囂嚶囎賛賠慣鬚惻覿讀顳顧顱隕傾殞寶纉賢賭賚賣纈潁則讃讚顫願顰顯顴戝寳濆賞質賓賦繽領債癩蘋憤賤噸損賑測項頑頌煩攅懶賂貶賍賎買賃頸預蹟頒順熕躓賁販貼費貨賀貴員檳鵙價頓頚頗頃瓔勣櫃貿貰賄瞶贈黷鎖頂頏漬賊資貳貞瀬貲貽鸚簀槓藾頁
貞,禎碵遉偵幀
貢,熕槓
貫,樌實慣
責,嘖磧績癪積債蹟勣漬簀
貳,膩
貴,饋簣潰遺匱櫃瞶
賁,噴墳濆憤
賈,價
賓,濱鬢殯擯嬪繽檳
賛,鑚纉讃攅
賞,償
賣,贖竇犢續牘覿讀黷
賤,濺
質,躓
贈,囎
贊,鑽讚
赤,赫赦赧赭螫嚇
赦,螫
赫,嚇
走,徒跿赱趙赳起赴趣越超趁趨
足,蹲躙跿蹙跳蹤躪蹴蹠蹈蹉蹼蹣跨践跼躡蹶蕗踐踟踝踊踞踏踰趾捉踪跋跌促露跏踵踉跂趺鷺踈踴蹊蹇躋躄跫跟躑躅蹟蹐蹄躊躓躇跪距齪蹌蹕躍跖跣跚蹂躁跡跛路躔
路,蕗露鷺
躬,窮
軍,褌揮輝皹皸諢運渾鶤琿葷暉暈
載,鐵鐡
轉,囀
辛,縡僻宰薜甓薛璧辧避譬辭臂辣辮劈壁霹辯嬖擘辟襞蘖蘗闢辞癖滓辨辜躄檗瓣梓
辟,僻薜甓璧避譬臂劈壁霹嬖擘襞蘗闢癖躄檗
辰,振娠脣晨膿震唇蓐儂辱農濃耨賑褥蜃宸縟溽
辱,蓐耨褥縟溽
農,膿儂濃
迷,謎
追,槌鎚縋
退,腿褪
送,鎹
通,樋
造,慥
逢,縫蓬篷
連,縺鏈蓮嗹漣
逮,靆
遂,隧燧邃
道,導
達,撻燵闥韃
遣,譴鑓
遷,韆
邑,悒癰滬廱扈
那,梛娜
郎,廊螂瑯榔
部,蔀
郭,廓槨
郷,饗嚮響
鄭,擲躑
酉,蹲酬酥醪酘酲酳醸醫酪醤醯酷酣逎酢醉醢酵楢蕕遵鱒遒墫猷樽噂擲猶鄭醇酋酸躑酌醒醋醐酊酒醜酖釁配醵尊酎醴釀奠醂醍酩鰌酔醺醗
酋,蹲楢蕕遵鱒遒墫猷樽噂擲猶鄭躑尊奠鰌
釆,蟠番飜釈鐇釉旛瀋竊膰蕃潘墺懊蟋鷭翻審燔燠澳幡礇繙釋旙悉藩奧播
采,綵彩菜採
重,鍾勲種慟腫働踵薫衝董動
野,墅
量,糧
閏,潤
閑,嫻
間,簡繝墹癇澗燗嫺
閔,憫
閣,擱
閭,櫚
闌,欄爛蘭襴瀾
阜,埠
阿,婀痾
陏,随堕
陰,蔭
隆,嶐窿
隊,墜
隋,橢隨墮
隶,糠隸康鱇慷隷棣逮靆
隹,躙攫攤欟贋椎權躪衢擁羅軈罐雙鶴帷獲罹護驩催鷦錐憔壅癰鷹鑼鑵推霍雉確碓戳截甕膺擢儁灘曜歡讙蠖権携蘿惟燿歓雍售應囃钁雎穫顧雁隼唯礁観籬隻舊蕉讎雀顴雋雄潅凖灌耀雅雌薙讐雇觀匯儺邏樵崔襍集焦癨藺雕雜瞿准暹勸廱雛軅離準雖寉維濯懼堆摧進淮勧難奪奮騅躍矍鸛櫂糴稚糶虧懽誰鐫攜雑
隻,攫獲護蠖钁穫矍
隼,凖準
雁,贋軈鷹膺應軅
集,襍
雇,顧
雉,薙
雋,儁鐫
雍,擁壅甕
雜,囃
離,籬
難,攤灘儺
雪,艝膤轌鱈
雲,靉曇罎壜繧靆
零,澪
雷,擂蕾
需,臑糯懦儒襦嬬蠕繻轜濡孺
霍,癨
霜,孀
青,蜻情静瀞倩猜鯖錆精菁清靖靜睛晴請
静,瀞
革,鞠靺韈靭鞣靴鞭靼靱鞦靫羇鞫鞘霸覇覊鞜鞁鞨鞴鞏羈勒鞍韃鞳韆靹鞆鞐鞄鞋鞅
韋,緯圍幃諱偉韜違韓葦衛
韭,孅齏纎纖韲籖韮殱讖籤殲薤懺懴
音,竸竟暗黯章織韶幟戠臆韻億韵憶響境識諳噫鏡意檍職熾闇
頁,頤頰領瀕獺頬頽頭嶺頷頼頡頴頻須碩類巓顆顋癲籟題嶺顕纐顔穎顏顛額襭嬾顎蕷囂鬚顳顧顱傾纈潁顫願顰顯顴領癩蘋噸項頑頌煩懶頸預頒順頓頚頗頃頂頏瀬藾
頃,頴穎傾潁
須,鬚
預,蕷
頓,噸
領,嶺嶺
頡,襭纈
頻,瀕顰蘋
頼,獺籟嬾癩懶瀬藾
顛,巓癲
風,嵐瘋飄諷颱飆颶飃颪颯楓
飛,飜
養,瀁癢鱶
首,馗道馘導
香,馨馥
馬,馳駆騷駄駅騫騰駁馼馴騙騾驕碼驩瑪駸駟駐駑篤驛驀驂驍駒駝驚驃驗駢駭駮驟憑駕駛媽驅駱駿駘駲闖覊驢驪驥駻隲驤驫騎罵騨騏羈騁騅駈騒馮馭験
馮,憑
骨,體髓鶻髑骼髀髏髄骰磆骭猾榾骸滑
高,稾鎬稿髞蒿亭嵩藁膏敲槁塙犒嚆縞
髟,髯髭髢髣髮髪髦髫鬣鬢鬘鬚鬟鬆髻髴髷髱
鬥,鬮鬧鬪鬩鬨
鬯,鬱
鬲,獻融鬻隔膈
鬼,魔魏魁魃魎魍魂蒐愧巍魑魅魄塊餽瑰隗傀嵬醜槐魘
魏,巍
魚,鰯鰈鰻漁鮗鮃鮎鮖鰉鰡鰺鰮鮨鯏鮴鯀鰭鰲鮑鮟鰾鰥鯆衡鮒鮓鯊鰰鰤癬鱗鱚鯛鯔鯡鯣鯢鯖薊鯒鱸鱆鱒鯑鯤鱇鱶鯵櫓鯨蘚鱈鱠蘇蘓鯲鱧鯰鯱鰕鮭魯魴鮮鰛鰔艪鰍鯉鮠鰊鰓鮫鮹鰆鰒鰄鰐鮪鰹鰌
魯,櫓艪
鮮,癬蘚
鳥,鵆鵝嶌嶋鵞鷄鵑鷆鶲鶇鵄鵐鳬鶺鶚鵁鳫鵜鷂蔦鶴鶻鷏鶏鶩鷁鳧鴬鷦鴿鴫鷓鷹鴦鴪鴾鷸鷯鴣鴈鴻鷭鴉鴟烏鷲鷽鴇嗚鴆鴒鷙樢鴃鴎鴕搗塢鷺鴛鴨鶸鶫鳶鶤島鸞鵲鳩鵤鵬鵙鳴鳰鵡梟鸛鵠鵯鵈鳳槝鶉鸚鶯鵺
鹵,滷鹹鹸鹽
鹿,麒麝麓麑麌麟麋麕麁麗轆灑塵麈驪儷鏖漉
麗,灑驪儷
麥,麩麪麭
麦,麺麸麹
麻,魔縻嘛靡糜摩麾麿麼磨
黍,黐藜黏黎
黎,藜
黑,黥勳黝壥點黠黔黯黜燻儻默熏黶黷黨黴醺
黒,黛纒墨黙
黨,儻
黹,黼黻
鼓,鼕皷瞽
鼠,竄鼬
鼡,猟蝋
鼻,鼾嬶嚊
齊,齋齎齏纃薺儕臍韲擠劑霽躋濟
齒,齟齔齬齲齦齪齧齷齣囓齶齠齡
齧,囓
龍,朧壟龕竜襲蘢篭寵隴籠瓏滝聾瀧槞
龜,龝鬮
龠,鑰籥
𠂤,追阜埠
