radical,kanjilist
⺌,当光肖尚鎖
⺍,誉獣単蛍脳悩挙図鴬栄珱巣労覚畄桜営厳学
⺕,当睫龜龜禄彗妻争兼駸剥隠急唐穩庚穏隶庸捷夛隱浸侵聿事爭亊秉雪尋尹帚
⺗,忝慕恭
⺤,稲孚稱蹈稻奚隠遥穩瑶穏韜覓滔隱埓受婬舜埒采爭愛妥爵爰将爲淫
⺦,壮寝状将
⺨,狼狩獺獵狷獰狽獪狙獲猩猜猛猖犯猗猊犹猝猟猴猯狎狃狂猶狄猾猪猥犲狆猫猿獗狛狠狡獏獨狗狢狭獅狒獄狹独狸狐
⻌,逐逸速追述逝逆逓迩逃通途退透送迷遥避髄遠遼遵巡遷遣遺遮遭迅還遊道遇選運遅随辺迎違適達遂遍過込週迪近進迫返逮連造迭
⻏,祁都部郵郷鄒邸邦邪那邯耶鄂邱鄲鄰郊鄙郎鄭郁邵邨郤郡郛郭郢
⻖,阨薩隣陵隈険隠陷陣院陶隙陲陦陽陪陳隘陥陬隧陰險除隍陜陀陛陏隗階障隕降陂隴隔際隋陞隰隱陝隅隊附限陋陸陟隲陌隆阮阡阯阻阿阪防
マ,予勇甬令疑
㐬,旒流硫毓疏棄梳琉
㔾,犯
㕣,船鉛沿
䍃,謡揺
一,畫虚蚩單雩旦橿橿橿彊彊彊徑兪祗柢經妛僵僵僵輕逕同酉羝砥武岻匐丑下痙牴拜拜拜拜胝函丞上万百与七不正鬲莖且丁丕号命僉拝薑薑薑戛鴟丘韭丙剄蝠無弌令弐並司或舞歹夏辷画更侖勁令天低三三三両弖丈觝疆疆疆合壽畐閂頸今册冨詆輻畏再兩逼兀烝爾脛
丁,貯亭竚打苧紵釘訂灯庁寧佇可可甼町叮酊疔頂汀
丂,朽雩巧考
七,切虍叱叱亳托
万,蛎砺栃杤励
丈,吏吏杖仗
三,菫峯騫騫実蹼謇謇蚌烽奏素素樸春塞塞泰寒寒賽賽搴搴秦拝寨寨僅璞襄襄舂寿蹇蹇羮冓毒鋒逢承奉
上,峠戚叔垰裃鞐
下,峠丐圷颪梺卞垰雫裃鞐閇
不,抔丕杯盃坏否罘
与,写
丑,鈕羞忸狃紐衄
且,齟柤砠畳祖宜蛆組沮徂狙姐岨粗租咀雎苴俎助疽疊詛爼阻疂査
丕,歪胚
世,鰈紲緤楪蝶諜笹牒渫葉泄貰喋
丗,帯
丘,兵岳邱蚯駈
丙,柄炳陋病鞆
丞,拯烝
両,輌
並,椪普
丨,旧淵肅峯印師收畢蚌烽華兼兼嚢拜赳不渊舉拝央崋曳甲丱申由个叟中弔引笛弗聿介候攸鋒也収逢表奉
丩,叫糾
中,仲遣忠串狆冲貴虫迚沖
丰,邦蜂峰
丱,關聯
串,婁婁患
丶,玉菟亙亙勺朮叉冢尤刃太丹丸州州州永犬斗斗斥劒仞為以弋甫曵丼凡氷叢瓦半尨求兎蚤蚤兔
丸,藝執埶笂勢孰
丹,旃栴
主,往駐注註住麈柱
丿,勿勿淵熈肅帥朱魃印卿亦必師祓午卯羞禾向秡戈第鬼失不渊夭差牙粤曳丱呂屮耒無跋弟屯舞矛戊毎我寿弗眉几年奥勹介九升釆廾卑卑亳及簒𠂤尓禹着兎乏瓜鵯系托千乍乂乃彡彡彡乎爪黻少
乂,獵刄刹肴図図攵网网鬣史文篦蓖凶匁気碯弑区更殺丈鑞艾臘爻爻貔希刈
乃,孕秀朶盈仍
久,粂灸畝玖柩疚
乇,宅託
之,芝乏
乍,祚柞酢鮓窄炸胙怎作昨咋詐
乎,罅呼
乏,泛貶
乕,逓
乖,埀埀
乗,剰
乘,剩
乙,孔乳扎乱煢乢札蝨礼訊七軋乞九也亂虱糺
九,尻抛染旭馗丸究卆軌鳩仇雑
乞,乾吃訖屹迄
也,馳髢池施釶弛地他
亀,穐
亅,亦争丁牙我事爭亊了于乎
了,予凾丞承亨
予,抒豫序舒矛杼預野
争,筝静浄
二,壞壞亘齊豢晋晋卷咢発那霊舉皐皐犀犀弐夸眷屬屬巨巨劵弍拳斉亟亟云半懷懷脊脊亞亞互竺晉晉乕元于汚表表虧仁亜亜井五五些
于,芋吁宇迂紆盂
云,魂伝雲会藝耘陰紜転芸
互,亙亙冱沍
五,伍吾
井,囲穽耕丼畊
亘,垣恒宣桓
亙,恆
亜,唖悪
亞,椏惡錏堊壼壺
亟,極
亠,育京嫡亥交享黐齊亦禀离漓亮六豪亢衣魑亡禽滴文立圖方雍鏑璃適敵㐬夜弃主雜卒亰充摘卞帝毫畆畝亳之稟亶謫市亨玄高
亡,肓罔盲妄茫芒贏氓荒忙忘虻望羸
亢,抗航杭吭坑頏伉
交,較鵁絞効佼駮蛟纐咬郊校效餃皎狡鮫
亥,孩該核駭劾咳骸垓刻
亦,奕恋蛮変弯迹跡
亨,烹
享,椁淳惇敦醇孰鶉郭諄
京,黥凉椋就鯨涼掠諒勍鍄景
亭,渟停
亮,喨
亶,羶擅壇顫氈檀
人,亥臥豢実会蹼企茶禽卷奏樸傘余庚命僉僉僉診个令以璞舎舗俎俎眷侖劵舍令拳羮閃臾合介仄脊今囚内疋珍龠从从倉全會
亻,倅們倹俾伐伸俳休借個倒倆俘伊伝倚僻伍俵聚伎倖僵倍倨倔俶伜俺伏倩備催偲在偽佳侫侘仲儒旅健偬佰使仙償億仰付隹偈側佼併侭化任儀儔儕儁侮佯佻傭偵偉価鴈佶价儚儂儖件侈侯侠偶假但佝侑仞優儲例俄体便佇僅傑傅偐僊雁傾傳偸佑依仟儘俊佐傲傍僂停働偕佛促住侃仕儼儉儡儻仔侍何侶佩作係偏傷夜傚債偖低佚佃佗侏供他仭儷儺仮仗代位侵像偃做傴傀僞値倫僧保估候倬攸倥倪伽俥俑衆仇彳仆俐俤俟俸僑僥倦價僕倭倶伺俔俯俛仂仍伶信倣僖倡僭俗伯俣存俚伴仁仏什似伉僮僚僣
仁,佞佞
仄,昃
今,衿衾黔吟貪岑陰矜念琴含
介,疥价芥界畍
从,從齒齒孅夾纖傘傘巫讖籤來殲雜卒懺坐
付,拊坿鮒符府柎苻附咐
代,垈貸黛岱袋玳
令,領羚聆零苓羚玲零聆怜鴒鈴領蛉玲鈴伶齢囹冷齡冷
以,苡似
任,恁荏姙凭賃袵
伏,茯袱
伐,閥筏
休,鮴烋恷貅
会,桧絵
位,莅
何,荷
余,徐畭途餘叙斜敍塗除敘荼蜍
作,筰
佰,宿
來,憖賚麥徠
侖,崙崘論倫輪淪綸棆
侯,喉篌猴
便,鞭
保,褓褒葆堡
修,蓚
倉,愴蒼創搶槍艙蹌瘡鎗滄
備,憊
僉,倹検簽檢鹸剱険驗斂剣險劒匳劔儉歛臉劍嶮瞼験
僕,濮
儿,奐竟虎睦尢尭旡禿亮羌廛先耽匹胤胤埶鬼発枕鬲忱鴆眈皃売淕児兄四㓁兇兒兆兆酖免元兎冏兜逵允兀
兀,尭光堯
允,梭悛竣駿浚皴充充吮峻逡
元,完冠寇翫頑玩芫阮
兄,祝呪克兌況况党競競
充,銃統
兆,跳逃晁窕佻姚眺銚桃誂挑
兇,椶
先,筅洗贊贊銑跣
光,絖晄輝恍洸晃胱耀
克,兢兢剋尅
兌,脱説蛻鋭税閲悦
免,悗逸輓晩挽勉娩俛冕兔
兎,莵
兒,麑鯢猊霓鬩貎倪睨
兔,寃菟冤纔巉
入,兪叺杁圦陝陝込鳰糴兩兩
全,筌詮栓銓痊
兩,倆魎蹣輛裲滿瞞
兪,輸愈愉鍮楡覦渝揄蝓踰諭偸瑜喻逾喩瘉
八,黹誉共公分尺騫寅兮具挙其六謇兵兼業塞嚢呉眞寒賽搴邉興益釟曾曽只寨儿弟並與并前穴釡叭蹇酋典兌袞輿爾
公,翁枩訟松舩頌蚣聡瓮
六,宍冥
兮,盻
共,異暴閧蛬殿巽鬨拱供哄巷恭洪
关,関咲
兵,鋲梹浜
其,稘箕旗基碁麒斯淇簸朞騏期祺棋欺棊
具,真颶惧倶
典,腆椣
兹,磁慈滋
兼,賺嫌歉慊廉鎌蒹謙
冀,驥
冂,奐黹嫡朿絅冉喬囘向同网丹炯敝滴鬲岡咼鏑繭周而適敵両奥冊摘円迥册册内尚奧冏禸謫南兩爾高
内,衲蚋丙納訥吶靹肭
冉,髯稱苒再
冊,扁嗣侖刪龠跚珊柵
再,冓
冏,橘烱鷸譎裔商攜
冒,帽瑁
冓,講購篝遘媾覯搆構溝
冖,孛冦冪宀畳写冥冤睿壹爨蛍煢帯亮冠亭豪冢學帶鴬耽嚢薨黌塋憂蠹索榮栄鬱枕夢旁甍邉螢忱蠧犖鷽鴆覺労覚瑩戞營受眈舜売彙愛疊営帝毫㓁壱亳勞軍酖釁蒙冩冨壼学壷冗疂鶯帚
冘,沈
冠,蒄
冢,塚
冥,暝榠幎螟瞑溟
冫,冬尽凉弱弱寒塁於匀楽凝凖凜凛軣决冲准冽凋冰凄凅冱凌况冴率次馮冶凍冷疂冷
冬,鮗終柊螽苳鼕疼
凌,蔆
几,肌鳬亢飢机鳧凱凰夙凩風珮殳凪凧処咒凭佩凡鳳冗
凡,筑贏恐蛩跫鞏帆梵汎羸
処,處拠
凵,艸齒鬯函凾歯出凶屆凸凹屮画
凶,黐离脳悩漓魑禽璃匈兇
出,柮祟黜屈拙咄朏糶
函,涵
刀,切初分契齊刄券茘挈朷刃剪辧拐枴叨劈劒屶仞召釖辺刧齧解
刂,刊刋兪刹刑帰利刔箚列刎剤剰剿剥渕剳剽割薊劉剣創剴副剌剋剄班劇劑剝削剞則剃剖前劃剛剔辨剩劍刪刳別判到刻刈刮刺刷制罰
刃,靭忍籾
刄,扨靱剱釼劔剏仭衂
分,吩瓰汾竕彜貧雰岔寡枌氛忿紛盆粉芬扮頒釁
切,窃砌
刈,苅
刑,荊型
列,洌烈例冽裂
別,捌
利,鯏犁莉痢梨俐蜊悧
到,倒椡
制,製掣
則,厠側廁惻測
剌,溂喇
前,揃剪翦煎箭
劉,瀏嚠
力,勘務抛勳肋恊飭勵努劫懃効劬勉加劭劣劾勅励功労劼助劵勁幼勃男勍釛脅勤勸募朸勦勒脇勧勞勣協仂勢勠動
加,珈袈笳枷駕架跏迦伽嘉茄賀痂
助,莇耡鋤勗
劵,勝椦
勃,渤
勇,湧踴
動,勲慟働
務,霧
勞,癆撈
勹,勿鞠勾旬勺鞫淘芻芻匐菊包甸掏陶匍匂匁匀句為為麹掬萄匈椈綯別蜀冩爲爲
勺,芍妁灼杓的釣約酌豹
勾,鈎
勿,刎匆物易忽笏昜吻
匀,鈞韵均
匂,葛曷
包,垉鮑靤砲抱苞炮胞匏庖鉋皰枹咆麭泡飽疱髱蚫鞄袍雹
匆,怱
匈,恟胸洶
匍,葡
匐,蔔
匕,它尼肄齔鬯眞此死匂化北匙鴇能能老牝皀疑壱頃旨比
化,花靴訛囮貨
北,背乘燕剩冀乖
匚,頤頤堰堰篋篋匹匹匝匝匱匱匿匿匪匪匳匳区区匣匣巨医医匯匯匠匠匡匡偃偃區區柩柩
匝,箍
匡,筐框筺
匪,榧
匱,櫃
匸,亡
匹,甚
区,駆躯鴎枢殴欧
医,醫翳
匿,慝
區,嘔嫗嶇奩樞甌驅歐毆傴謳
十,孛專專貭乾盾煢阜卉挿懐直喪支幹惠惠蝨真夲傘壊索訊竍叶計皐戎隼鴇古干針籵辻辛韓斡戟翰卒卆半瓧朝廾廾卑聽協率鵯早博南千汁什卍聴
卂,迅
千,刋瓩挿挿插竏粁仟歃垂阡熏重乖乗
卅,丗
卆,伜翆粋忰枠砕酔
升,飛飛昇陞枡
午,忤杵許卸
卉,尭奔賁
半,絆袢拌胖叛判伴畔
卑,俾睥脾髀痺裨碑婢顰牌稗
卒,倅悴瘁醉翠碎猝萃粹埣淬
卓,罩悼綽掉棹倬啅
南,楠献遖喃
単,褝禅弾戦蝉箪騨
卜,卦睿朴占下上訃赴止鹵外卓仆疋貞
卞,抃
占,鮎點砧覘苫笘黏岾店点粘站拈沾貼帖
卦,褂掛罫
卩,即報宛印範却卻卯卷卮抑夘苑叩命氾怨昂令鴛厄卸服
卬,仰迎
卯,留聊卵劉昴鉚茆柳貿
危,詭跪脆鮠
即,卿節喞
却,脚
卵,孵
卷,蜷惓圈綣倦
卸,啣御
厂,蔵糒厘貭厥蛎厦后盾砺厭厮鳫勵卮厠備戉栃歴灰鴈纒釐广遞辰雁戚戚励嚴圧崖巵岸産啀仄鞴厰原厄褫彦厳暦厚乕反厖厨睚厩
厄,阨危軛扼
厓,涯
厘,甅糎竰
原,愿願源
厥,蹶蕨獗
厭,壓靨黶魘
厳,巌
厶,育公払宏勾肱私窓台弘鬼広強紘嚔能弁㐬矣牟至云畆簒畚參晉晉参厶瓜去允仏
厷,雄
去,却劫怯盍法刧
参,鯵惨
參,鰺蔘驂滲慘
又,報竪壑暇緊雙叉叉支粲掻凾赧叙歿盈腎度殳賢遐餐叟隻圣燮叔曼叡瑕蝦受取鰕双双堅亟沒友葭豎及頚収反奴騒服馭
叉,靫釵扠蚤
及,汲吸笈岌級扱
友,抜髪爰
反,汳鈑飯版皈板叛仮坂販返阪
叔,寂椒俶督菽淑
取,娶娵聚陬趣掫叢輙諏最
受,授綬
叟,嫂捜痩搜艘溲
口,啼衰衰吁吩京嘖享吏君哺啻獣單單鵑喉哩名揖靈靈靈嘔嘛嘩狷后哨吃啣悁絅喘啾喫吊哘贏亮部嘸豪占吝聖喬喙倍如喧喪喪吟吋吸吐各嘆嘆哽向哲吹同害唖呶匐哉右噴炯嚢石史哈呷咯言束圜呵台咢咢呼呉囈噺嚠凾呈呻叱嗷唏唔碚圖拐楫唸唐枴唄嗾轡叩呰塩嚥噪呱叨嗽唹加陪緝唇杏鬲咤叶呪咸味噬捐噤噫邉叺咬号咥命唆僉僉舌燕售嗔咀咏咨哀呎足囂囂囂囂嚶囃噛器器器器囎谷邑賠品品品咼呂呂辟只嗜蝠嗚嗣唯呀召句嚼噂囁囀嚴嚴噎知嚏嚔串嚀哂古司叫襄襄或釦唱侃鬟咆咒咒咲咽可呑中咾呟哇咳剖培焙殕寰嗹和叮呆嚊嚇噸噐噐噐噐涓噌嚆叭告哄咄咐咋唳嗟唾嗤歎叱扣喃喚啀問哮吠合吻壽嘶兄亟事哢吼吉畐哭哭啜毫艱雖喀啗別喨喻迥吮亳革葺嘯嘴員吭吶尚衞鐶喩啖鳴喜難龠龠龠啝嗅官吽否囓嘘回嘱冨娟豆冏吾袁啓喰獸獸獸嗄善喋喟羸倉喝俣啌啅輻輯哦听亜韋逼菩嘲囑亨含啄喇喞喊高高
古,嫡固罟蛄苦姑滴故鴣怙居胡鏑適枯敵辜克摘沽估詁謫鈷
句,煦蒟鉤苟局駒劬佝枸怐拘狗齣
只,枳咫
召,髫韶招昭劭超邵紹貂詔沼齠迢
可,奇竒柯呵軻苛舸訶何河珂阿哥哥
台,始胎颱怠怡苔紿笞駘殆飴治抬詒冶貽
史,駛
右,祐醢若佑
号,號
司,笥嗣覗祠伺飼詞
各,略閣輅畧洛貉酪烙咯骼駱咎咎格珞客賂絡狢恪挌茖路
合,龕閤答翕荅哈鴿蛤峇粭拿姶拾盒恰袷洽給
吉,廚詰結頡黠拮佶鼓周舎舗劼髻桔嘉喜彭臺
吊,常
同,筒洞興銅粡胴恫桐
名,銘酩茗
后,逅垢詬
吏,使
向,嚮餉
君,桾裙窘羣郡群
吝,悋
否,痞
含,頷莟
吾,衙悟梧唔牾寤圄珸齬晤語
呂,閭梠麿侶營筥営宮絽
呆,棠襃保
呈,酲逞程郢
呉,蜈娯誤茣虞麌
告,靠酷誥窖皓浩晧梏鵠造
呑,喬
周,稠惆鯛雕週彫綢蜩凋調
命,掵
和,啝
咢,鶚蕚萼鄂顎諤愕鍔齶鰐
咨,諮
咸,鍼箴減鹹緘鰔感喊
咼,禍萵窩蝸渦過堝鍋
哀,袞袞
品,嵒髞操澡蕚懆噪譟繰燥區臨躁
員,韻圓隕殞損
哥,謌彁歌
唐,糖塘溏
善,繕膳
喜,橲熹鱚嬉憙僖禧
喬,驕蕎矯嬌轎橋僑
單,殫憚戰闡鄲襌嬋彈禪
嗇,檣薔墻牆穡艢
嚴,巖儼
囗,固固囲囲国国図図囿囿困困圏圏駟圜圜圃圃菌菌圍圍圖圖園園麕麕圓圓圄圄國國圉圉粤粤圈圈鄙泗團團鹵鹵因因四四箘箘団団囮囮囚囚溷溷回回囹囹
囚,褞鰮瘟饂慍媼膃榲泅
四,圀圀駟泗
回,徊禀茴迴蛔圖稟亶嗇廻
因,恩茵氤咽姻烟
困,悃梱
固,箇個涸痼錮凅
国,掴椢
國,摑幗膕
園,薗
土,垈湮垠壓堰壞堤睦睦堙堙垉垣堪壤壟壥堽壑垢坡壜壕堺汢冉坤垪坿煙坦廛肚吐堵堡堯壗場垤坪基在牡哉塞塊墟墅捏赤壌走塒壅幸埶埶埴甄墳塋壇墾壊墓塑塹庄埼塁塩増境塔塀墺繊敖壁社墜塚墨墻塗杜籖圸竃埖墹塲墫墸塾圻埣陛埜圭圭塙塰填塘寺埔埠圣圷竈陞域圧墮涅達塵塡圦培埓地耂栽塢埒毀坂疆至淕淕堅堋埀埀坎垂垂坩堝堆壙壘堊懴坏埃址城頚垓垳坐堂袁裁坑埆型垰坊均埋去堀逵逵堕載
圣,径経軽怪茎
在,恠
圭,卦恚畦奎佳硅窪崖蛙哇珪啀鮭封娃挂閨袿桂街鞋睚
坐,挫座
坴,陵陸
垂,睡郵陲錘捶唾
埶,熱
執,贄蟄鷙摯
堂,瞠螳
堅,樫鏗慳鰹
堯,蟯撓饒鐃橈驍繞遶翹澆蕘燒僥嶢磽曉
墨,纒
士,壹壯壮志屆蠧隷賣仕殼轂売壽吉款壱声壻壼壺壷
壬,妊衽任婬廷淫
壮,荘装
壯,莊弉裝奘
声,馨磬聲謦
売,続読涜
壳,殻
壹,饐殪噎懿
壽,檮籌儔擣鑄疇躊濤
夂,梭輹悛峯冬後謖綾竣各烽禝稷憂変慶駿麦夊処浚麥鑁蝮夐夏崚皴条复隆蜂菱愛鋒馥凌愎峻椶峰逢鰒稜絳逡
夅,降
夋,唆俊酸
复,複復腹
夏,厦榎廈嗄
夐,瓊
夕,宛名梦夘苑夢窗拶怨歹夛夜多多舛鴛外汐
外,迯
多,夥侈移
夜,掖腋液鵺
夢,儚
大,奄奐美契奇爨撩瞭奎奚套奕奩鐐臭奨奔太夾夾類春莽泰戻夲夫繚樊夬突鷯遼秦犬夭潦央夷夷器莫夸舂陝天奬奥暸因燎奘尖奧奪奮畚参奢奠奈爽爽僚奉
天,蚕关送奏癸昊矢朕俣
太,汰駄葢
夫,畉嘆失麩賛賛麸替替規趺歎芙扶艱輦輦難
夬,決刔快缺訣鴃决抉袂
夭,飫妖忝笑呑殀沃
央,泱鴦秧映英怏殃鞅
失,帙軼秩鉄跌佚迭
夲,皋
夷,洟銕姨痍
夸,跨胯匏刳桍瓠袴誇
夹,峡狭挟
夾,頰頬篋挾侠陜鋏莢浹狹峽筴
奄,罨閹俺掩庵菴淹
奇,欹綺倚寄羇椅碕掎猗埼剞崎騎畸
奈,捺
奉,棒捧俸
奏,輳湊
奐,換煥渙喚
契,喫禊楔
奚,鷄溪鶏渓谿蹊
奠,鄭
奥,襖
奧,墺懊燠澳礇
女,奸妾妊妓孀嫡娶堰妝姆妲始妄宴孃嫖娼娉娵娠嫣娯嫗妁娘嫦娥妛妻妨如妖妍孅嫐妃姐姫嫂婁媚婀嬶嬢姥姑姓姪嫁媼媛婚嬉姦姦姦嬬嫋嫌婆珱嬰姚姜媾媒媽嬾嬪委姙嬖婉姿屡嫉婢数嬋婦婪嬌姶姻姨婬婿要偃娚嫻娃嫩桜好妥妬妹妙安嫺威汝娩娜娑娟姉奴妣
奴,拏努呶駑弩怒帑孥
如,恕絮茹洳
妄,侫
妥,綏餒
妻,褄悽棲萋凄淒
妾,椄霎接
委,魏痿萎矮倭逶
威,縅鰄
娚,嫐嬲
婁,褸縷數楼螻樓髏窶鏤僂簍瘻
嬰,櫻纓嚶瓔鸚
子,孛孔享孕孜孩孚字孝孑孟學斿李仔斈好季孺孳厚学孤孫存孱孱孱孥
孔,吼
存,荐拵栫
孚,乳桴俘蜉艀浮殍孵郛
孛,悖勃
孝,酵教哮
孟,猛
季,悸
孤,菰
孫,遜
孰,塾熟
孱,潺
宀,寃定它宗宍寂家宴字宛宏貯宕宜宵騫富寅宅完疉宋実宰寄宿謇竚密宝宇寇害苧寔寛塞紵寡寮牢寢寝實寒憲賽搴寓寞寥寤寐寫察寵審寨佇寶寳賓穴寰蹇客宮宣寉安蜜守宸室官宙宥容宦
它,蛇駝柁舵鉈陀鴕佗沱詑
宅,詫侘咤
守,狩
安,案按晏鮟鞍
完,莞浣院皖
宏,浤
宗,綜淙粽棕踪崇
官,綰舘菅棺館管
定,綻碇掟諚淀錠聢
宛,椀鋺蜿碗腕婉豌
宜,萓誼
客,額喀
宣,暄喧萱諠愃
室,腟榁
宰,縡滓
害,割轄豁瞎
家,稼嫁糘
容,穃榕溶蓉熔鎔
宿,縮鏥蓿
寅,演
密,樒
寉,鶴確
寍,寧
察,擦
寧,聹檸獰濘嚀
審,瀋
寫,瀉
寸,專尉廚愽溥吋得村賻樹碍付膊討忖闘鬪辱傅紂耐寺対搏埓寿榑埒封壽肘對専団爵尃導守奪將尊将酎射尋厨尅
寺,畤恃待時侍痔特持詩峙等
寿,鋳畴陦涛祷梼
封,幇
尃,縛博
射,謝麝
将,醤蒋奨
將,蔣鏘奬獎漿
專,磚轉甎蓴傳慱團摶槫
尉,慰蔚熨
尊,蹲遵鱒墫樽噂
尋,蕁潯
小,齋京撩瞭鐐県敝敝繚余穆隙隙鷯遼潦瑣戚叔暸亰原燎尖尓少僚
少,尠沙鈔抄眇秒省劣杪紗雀歩賓炒隲毟妙砂
尓,迩袮弥称珎祢
尚,嘗當敞甞裳掌棠賞淌常党堂黨
尞,寮療
尢,尤
尤,稽就疣犹尨肬
尨,厖
尭,暁焼
就,蹴鷲
尸,尻尼尉尺尾尿屎屍屏局展屁居屑屋屐屆届属屓殿辟犀遅屠屈層屬履刷尹孱
尹,君伊笋
尺,駅択釈尽沢咫昼呎訳鈬
尼,昵眤泥怩
尽,侭
尾,梶
局,跼
居,倨裾踞据鋸
屈,倔窟掘崛堀
屋,握幄渥齷
屎,屡
屏,塀
展,碾輾
属,嘱
屬,矚囑
屮,厥蚩艸逆闕屯朔
屯,瓲鈍純邨沌頓飩
山,嵒巌嶌豈嶄嶐嶋峭嵌峠嶽峯嶝揣嶇嵐峡嵋喘嶺嶷嶂嵩嵜巍妛密嵎乢嶼峪崙巒岻岨岔岩岼崘巓岷仙炭岶嶺屹出峇岳崢岾峅岱岑岌岐巖圸猯崟岡崋屶辿崑瑞惴崇幽幽崖崚崎崗杣岸岫崕崩両崛崔岬湍島嵳疝峺嶬峩峻峨嵬峰嶢嵯峙嶮嵶巉豐豐汕閊峽
岡,綱鋼棡崗剛
島,搗槝
崔,催摧攜
崩,繃
嵒,癌
巛,獵徑經緇輕輜逕鬣鯔痙癰瑙巡莖災碯錙腦剄拶勁惱鑞廱頸臘脛
川,馴州州州荒訓釧侃㐬順卅
州,酬駲洲
巣,剿樔勦
工,筑貢徑扛肛虹經輕逕恐攻左痙巧巫巫矼穩差莖訌剄蛩功空杢式勁隱缸噐杠紅項跫壽江鞏頸汞脛
左,髓膸楕佐隋惰
巨,矩炬秬拒苣鉅渠距
巫,靈誣鵐覡筮嗇
差,蹉瑳磋搓槎嗟嵳嵯縒
己,忌妃包杞起巳巽巽已紀巴巴巻巷記改配
巳,祀熈熙囘煕
巴,葩把耙邑笆巵杷色肥爬琶芭
巵,梔
巷,港
巻,圏捲
巽,饌撰選
巾,帽帳帙帥師帯吊帷席帶幌幅幄幟匝幇幗幃幎幀幔幕幤珮凧幢幣佩幡帆帝飾帋衞帑乕帛市帖刷制帚布
市,閙肺旆鬧柿沛姉
布,怖希
希,晞唏鯑稀欷
帚,箒帰掃歸婦菷
帛,棉綿緜錦
帝,啼蒂啻締楴諦蹄
師,鰤篩獅
席,蓆
帯,滞
帶,滯蔕
常,嫦蟐
幕,冪羃
干,奸罕肝刊午午扞鼾幸杆訐骭軒平平并并幵幵岸年年竿旱汗南
平,鮃坪泙岼苹怦秤評
幵,刑妍枅栞笄研形開
并,垪瓶屏併駢餠餅剏胼絣迸
幸,逹擇睾報倖鐸執驛譯澤繹懌圉釋
幹,澣
幺,後酳奚郷胤樂樂麼斷斷斷斷雍繼繼繼繼關關幾幾幽幽幼幻玄
幼,黝拗窈
幾,饑磯譏機
广,廬廟廐廝廓廚廣廖廢廛廠廡席庇床廊鷹庄廏唐序麻膺府庁底庵廁康廃広店庚応庖廂庶座鹿慶度庫庸薦廉庠廈庭廰廱廳廩廨
広,絋砿鉱昿拡
庄,粧賍
府,椨腑腐俯
度,渡鍍
座,蓙
庶,蹠鷓遮蔗
康,糠鱇慷
庸,傭慵
廉,簾濂
廛,纏躔
廣,曠礦鑛擴壙
廴,廸延廷建廼廻
延,莚涎誕蜑筵蜒
廷,艇挺霆庭梃
建,鍵健腱
廾,彝卉聨算彜莽展弉弊曲弄戒弁昔舁廿冊升卅葬井
廿,槿蹣席帶瑾丗世滿庶燕度覲甘甘満艱瞞革饉
弁,峅弃
弄,哢
弋,貮貮武武戈戈杙弌弌弐弐式式弍弍代鳶
弍,貳貳
式,試拭軾弑
弓,躬彌彊彎彁弾弧弦穹弘弱弱弥張弼弼弯弭強發夷粥粥弸弔弛弩引弗弖疆彈
弔,第弟
引,蚓矧
弗,拂沸怫佛髴彿費狒
弘,泓
弟,梯悌鵜涕剃睇俤
弯,湾
弱,鰯蒻搦嫋鶸溺嵶
張,漲
強,繦襁
彌,瀰
彎,灣
彑,亙彝彖彜碌剝彙互祿
当,档
彔,緑録
彖,篆喙掾蠡縁椽
彗,慧
彡,衫疹摎廖髟彩須戮穆繆鬱寥樛殄蓼軫診鏐趁杉膠影彰彫尨彦彪珍參彭形参修勠袗畛謬
彦,諺顔顏偐
彫,簓
彭,膨澎
彳,徳從徊従徇徒徽役律径徐徑待後復徼征往徴徨徂徃得屐行循彿徹徙徘彷徠很御微彼徭黴
律,葎
従,縦
從,蹤縱樅慫聳
御,禦
復,覆履
微,薇
徴,懲
心,愈懣徳恁恕悶恩恚忌必必懸悲總愬忍愿悳恋恐窓惠慂惡隠惣怠懃憂憖急怱憲志態懇憊憇穩蕊惹惑憑慝応忠懋慇穏戀應慶忿忘怎忽慈怨惷想慰慫慙隱慧慾念憙思怒聰恵愁愛愨意息患悉愍愚恷聽恣悠沁愆芯悪聡感懲聴恙恥
忄,悚悗悃恨愴愡愼愉悖悍悛悔悴恃悼悩恂悵恍悁悌恆恒情愽懐愾愧恊悟悋悄悒悽惆懦恟惇怺憔慎慚忤忸快慍惜怯惚憚憎慨憺懍憶怡怙懆慌忖慟慄憾懊惧惓怫怦懌慊慓憐怪性惟怖慢忱忙忰慷慣懈惨惻惴惶怜怩怕慵慴憮慯惺怛怏怐憧慘慥慱惘惰慳憫憤忻憬惱懶愕懺愀懷恠恢懼愃愎懴悸恪恰恤悧恫懾懽恬悦
必,祕密謐瑟秘蜜泌
忍,綛荵認
志,痣誌
忩,総
念,唸棯捻鯰稔
忽,惚
思,偲顋慮腮鰓
怱,愡偬葱
恣,懿
息,憩憩熄
恵,穂
悉,蟋
惟,罹
惠,穗
惡,鐚
愈,癒
意,臆億憶噫檍
愛,瞹靉曖
感,撼憾轗
慮,濾鑢
憂,優擾
應,軈
戈,蔵伐臧臧孅孅戉戡哉纖纖戠戯戮戳繊戲戦戰籖戛戔戔戎戎戚讖讖籤籤或或殲殲戒戒戝戞戊我我栽戟成成懺懺懴裁載找
戉,越鉞
戊,茂
戋,践銭残浅桟
戌,歳戍滅滅
戍,畿咸咸幾戌威威蔑
戎,絨賊
成,誠晟筬城盛
我,鵝鵞義娥羲莪餓俄蛾峩峨哦
戒,誡械
戔,淺箋殘踐餞棧錢賤牋賎盞綫
或,惑國域馘閾
戚,蹙槭
戠,織識職
戸,肇扁所鈩肩扇炉粐戻舮房枦雇扈芦綮扉啓
戻,綟捩涙唳
扁,篇褊騙翩編偏遍諞蝙
扇,煽
扈,滬
手,拏挈挙攣摩撃看拜擧搴掌掣擘拿拳攀摯
扌,抜投攫攘抵才攤押撞撓摸握擇摑換挺撲撒抻攬扎技抔抛抂抖攪拂拍払按揖撰揚揮振擅揣扨扛抗抃抓把択拊拇撕撩撼摂擁挿挫插摎撻拆批抽抒抄打扞挧操提擂挾挽撚箍抱担拌抑拭掖捩捜搾捕擬搦捨揃捏掃掎拮拗拡捍掵掩掻推描捗擒搬掴揀擦掀掏掛拯招拠拔拐籀掟擢揄擣據拑括拓掾搶捐搭擡揆携擠捌擔掲擯排拒拝拷擱捻搆搓捉探拶授掠捺据擲捷擽擾揉捶採掉拵拙拱捲掬擺搨接搏擶搜捧掫掘拘搗擴控捫損措搖拾扮攅拈扣援挂揩摘拉扶抉攝扠挨撥撹揺摧持撫揶撤扼扱撈挑摺挌挟摶托抹抬撮播指攜找披折
才,閉豺財材犲
折,逝哲浙誓晢
拑,箝
拜,湃
擧,欅襷
支,妓技伎翅枝屐岐鼓跂肢
攴,政務放徴寇攻救故敕牧敏敍枚敗敲教敬数敵敷散改攸徹撤致微
攵,徽孜肇收攷鶩攴敞敝數赦斂釐敦澂敘效變轍敢畋愍綮啓黴
攸,絛絛倏倏筱悠修修脩脩條條
放,敖敖邀邀倣
故,做
效,傚
敏,繁
敕,整嫩
敖,贅熬鰲嗷鼇螯傲遨
敝,瞥蔽暼鼈斃弊幣
敞,廠幤厰
敢,嚴瞰厳橄
散,撒繖霰
敦,暾燉鐓
敫,激
敬,檠驚警
数,薮
數,藪籔
斂,瀲
文,虔馼吝蚊斐斑斌対紊斈紋斉閔旻
斉,剤緕斎済
斌,贇
斗,魁抖斟斜科斛料斡蚪
斛,槲
斤,所新釿析斷斥斬丘圻斫斧質質断斯匠忻芹祈近欣听沂折
斥,柝拆訴泝
斬,嶄漸慚塹鏨慙暫槧
斯,廝撕厮嘶
新,噺薪
方,旒放芳髣旛妨旗圀旄舫旋斿紡旌旅枋施旆旃於房旁族游邊蝣訪楞肪魴旙彷坊防
於,唹鯲閼淤
施,葹
斿,遊
旁,謗膀磅榜傍滂蒡
旅,膂
旉,敷
族,嗾簇鏃蔟
旗,籏
旡,廐无既曁蠶蠶
既,漑慨概厩
日,奄旧電暑晒堰禺曄晞暄輹旦宴暝冥暾晄晋袙晟曇暇簪旬煦暗暃暎晨晏厭撩挿瞭晩晁暖湿旭鐐衵濳晃暴畠暼時魄暁惠曦曝春捏昿温皙白繚曹昧書岶緡穆皈顕隙鷯柏曠遼昭曜昶映曚昴是音曖昵潦粕楽皓譖榻曳星曾曽曲曲昌昌東耆皆的皐皋杳怕潛昊易昇替莫昆曙杲蝮者顯隰曩曼昂搨涅更明昃皀皖蝿蝿昨昏曷昔蠶偃皃复皎皚珀暘狛晧暸暸暫亰沓冒暹晦魯鰛燎旱晰晤冐馥香愎暦濕旨旻勗厚縄縄晉冕景暮晴最鰒帛早旺僭暉曉晢晶晶晶亀亀汨智普暈間會僚
旦,胆晝亘妲疸靼坦得曁担碍昼但怛昜袒亶量
旧,稲焔陥児
旨,嘗詣稽鮨脂指
早,乾章幹覃韓草斡戟翰卓朝
旬,詢徇恂筍荀殉絢洵
旱,悍稈桿捍駻
昆,混箟焜菎鯤崑棍
昌,娼菖猖唱倡椙
明,萌盟
昏,婚棔
易,蜴鯣裼賜錫剔
昔,借惜籍藉錯措鵲醋
昜,湯揚觴煬場瘍殤腸膓陽塲慯蝪傷楊暘暢
星,猩腥惺醒
春,惷蠢鰆椿
昭,照
是,堤提寔題匙醍
時,蒔塒
晃,滉幌
晉,縉
普,譜
景,憬影
晶,橸
暴,瀑爆曝
曇,罎壜
曲,曹農典髷豊
曳,絏洩曵
更,哽粳甦便硬梗峺
曷,褐葛謁竭蝎偈渇掲歇碣遏鞨羯喝
曹,漕糟槽艚遭
曼,鰻饅縵鬘幔鏝慢謾蔓漫
曽,憎甑増層噌僧贈
替,潜譛僣
最,樶撮
會,獪膾薈鱠繪檜
月,肝育胆朦脱臓縢朧肓鵑肌背肱臑兪脾狷脳臟胄肋悁酳髓肛脣厭贏有肩鷂龍肚胃肺胎脈脯臚脉肖胥腆膰膿腓胤胸窰瑤胝膝膽腑腹臆遙腟腋腸膳膾膊膓胞骨胚膃膺腔腕臍臂膂胖胛胯膏膀臀腎膨炙且捐霸膩膵膕膜胡然膸膸膤腦胱胙滕腰腫腿腱腥覇能楕隋腴明膣潸前散胼惰臉涓搖臈腮膠腺膈胴朞肪脹脅朝謠肘朋朋勝期脇臘脊冐豚祭冑臙脆肥肬股朕將脂娟脚望朏肯朔羸朖肢肭服青徭脛朗
有,肴囿髄侑陏郁賄宥鮪
朋,萠棚弸硼崩堋鵬
服,箙
朔,溯愬塑遡槊
朕,騰騰謄謄
朝,廟潮嘲
木,欅椁検鰈朽柑檸梭梢桼案檬橲桴橦某未柤椏椛椨休椀欟欄欒欝欝植本柝桶檪棉橿橘乘橙梠档桷梯刹柞柧朿朿末染椚椎槻槨權髞槿様柚朴柮檢桾桧橡梹檮檣橈柢宋椒槙欖椋椄柯朷机朮柔桿梧橢禾操茶困檠桙札朶椅槽椹椌槲新藁枝楢業柆村栂栖樋樸澡樟樹樌栗樅栃柊材枳束束床楮枇榠楷枌楡極親枅楼杆樓栩樞樊膝棺樒杓杞柄析楯楴榮楠枋楫榧柏李枴核栄樂鬱鬱懆噪櫻櫨樗棲根柁杖枩緤果枕楙楙隸林林楾楪楪枚楳柎枷杏栞権栓凩懋懋樔櫺樛架杜杁楽榻榴榔板榛杰杤棯棔標牀棡棕櫓樫櫪櫞栢東東榜杙榁枦榕槁寨渠楔槎槃蝶杪松來來榎杳枸森栴棚棣樽櫑蘂蘖弑蘗横諜格校櫟杲枹概楜楕槍譟楹榲枉杢杭枡樺棒樮櫛樣牒樢樶栫棧枠枯杷杣榊槊榾槇楸殺渫楝榱槌杵条榑杉杼枢繰栽櫚棹栲呆樵模棟株杯杠榿楓構楊楞集燥相采雜椴椈柘柿桀桔梃梗葉梍檐檄桜梶棍橇桁柱椡槭椣朸柳柾梨桃桎梔梛梏沐梁檳橋橸桍機梼橄桂椶椢椽椦槹櫃桝閑梱築框檎檗梅檍梟棋桓械棄櫂槫喋槐椪躁椙椥槝柩柵棆檻桑條檀乗梓檜桐棊桟櫁梳柴査槞椰槓槧椿雑
未,朱魅昧味眛寐釐耒妹
末,靺沫茉秣抹
本,鉢体笨躰
札,紮
朮,述術
朱,茱蛛殊珠侏株銖洙誅
朶,躱
朿,策棘棘棗棗刺
杉,彬
束,悚柬柬速竦頼敕辣嗽剌勅踈疎漱
来,莱
東,煉鶇陳錬練棟諌凍
松,鬆菘淞
析,蜥皙淅晰
林,禁爨梦焚麓痳霖痲歴麻楚埜森淋婪潸梺彬暦梵琳罧醂菻
果,菓顆踝夥巣裹裸彙課
某,謀煤楳媒
柔,鞣糅揉蹂
柬,揀諫楝鶫鰊闌
査,渣
栗,篥慄
桀,磔傑
桼,漆
梁,簗
條,篠滌
棘,蕀
楚,礎
楽,檪薬
榮,蠑
樂,爍藥鑠礫轢擽櫟
樊,礬攀
欠,欹厥欸嵌羨篏吹飮歙嗽歡歉歓歇闕歐軟歟歌炊歔歛歃歎飲坎欧款欽欲欷欣欺次盜漱
次,瓷咨姿粢恣茨盗資
欣,掀
欲,慾
歇,蠍
止,齒企武歳此歯歴蕋耻正渋趾澁歸凪歩祉徙阯址肯沚
正,政堽征眄歪鉦麪証焉整症柾卸延
此,髭砦呰紫眥眦雌疵觜些貲柴
武,斌賦錻鵡
歩,頻捗渉陟
歯,噛齢
歳,穢
歴,瀝癧轣櫪靂
歹,列殘殤殫歿夙殪死殯殉殄残殱殊殞殆殲殍殖殃殕殀薤
死,屍薨斃葬
殄,餮
殳,投芟役酘疫醫馨没磬撃般骰廏鑿繋發穀殿毅設毆殺翳殷段殼轂殻殴毀愨聲股謦
段,緞椴葮鍛
殷,慇
殿,臀癜澱
毀,燬
毋,貫母母毎毒
母,姆拇栂苺袰
毎,悔莓海侮敏毓誨晦梅
毒,纛
比,箆豼毘批秕庇枇篦蓖屁粃紕鹿陛皆昆貔砒妣琵
毛,毳毳毳竓瓱尾髦旄麾粍耄氈耗毟毫毬毯
毳,橇
氏,祗祇柢羝砥岻牴胝民紙鴟舐低昏觝帋詆
氐,抵邸底
民,氓岷緡眠泯罠愍
气,汽氛気氤氣
氣,愾
水,泉尿丞永潁氷氷沓閖盥汞冰承漿
氵,溯湮漁漕濶添淨洗瀏瀛瀕瀁淵汰漏演濺滉湶湯漂油汲淺洛汽混瀚茫沙汪洩汾沸沫汳染溢羨漓濘決洌沈瀝瀞汢洋洸淳没洟漆濱溪湿湫湘溥湲漸濳濾深池洒沮淙瀑瀟瀋淘沢洞漑溘湧湾減滷粱潭澡泙浴泱灣潺潮温渕滴渚潼涯海浣浮消泳潯澣潴渝潘澪潰潤浦涙灘涸浪渓渇滿渊滲清澤浬浙注浤塗澹潦滾游渋渟渡渉激澀流浩浜氾涎泥澁濁港窪済渠渭潔潛濃澗澎泪涼泓涵涕涜涛淀浚泝澂潜濂渺滔渮滯渣渾滸濆潅澆波淋涅灑灌涌淌泗泣淅潸澳潟滬渦滑滓渫滞渤澱澑浸法淇泡浄涓泯泛浅淆浹液澄滝渥渙測湖湍溜漠濮沾汐泊洶河淕江淡瀉沒沽漉溏満湎湃溶滂溂準濯漣濛濠濔洵沿泄沐沌沱活泅汝泌淮梁濕濡漢酒湛溷溺湟蔆漲濬況洫淪沼淞瀾瀧沁瀦瀲沛治津汗洙汎淒汚淦濟濫衍漾濤溝溽溲滄湊滋溟源盜漬漱洪派淤汁洳淫汕沍瀘沂瀰沖沃沚瀬洲淬淹汀沺洽汨淑漫溌滌滅
永,詠脉怺泳昶咏樣漾
氺,桼様禄暴泰剥膝函黍碌隶滕剝求祿
氾,笵范
求,逑球裘救毬
江,鴻
沓,踏鞜
沙,鯊莎裟娑
沛,霈
沾,霑
泉,湶線楾腺
泊,箔
法,琺
泙,萍
泡,萢
波,菠婆碆
洛,落
活,闊
浦,蒲
海,塰
涌,慂
淫,霪
淮,匯
温,薀
湯,蕩盪
溥,簿薄
滕,藤籐
滿,懣
潘,藩
澡,藻
火,爍煉燈爨爛煢煢燉煽爐秋烱烙煬煙煥烽爆煤燻焚炯炉燵燼焔塋塋炮灯灼耿榮榮焜灰炙災炬炸燿螢螢犖犖燔燠燭焼炎炎燗燮燮燧樮炊炳灸炒狄瑩瑩燦焙燒燐營營燬燹燥煩畑燃燎熕煖勞勞熨熔熄烟熾鶯鶯煌滅
灬,黑熈煮黒魚勲羔熙煦熬熹鳥照烈点庶然燕杰無焉為薦烋焦薫煕馬煎熏熟冩烹熱熊盡爲烝
灰,詼炭恢
炎,痰餤淡啖談毯
為,偽
烏,嗚塢
烝,蒸
焉,嫣篶
無,嘸廡憮蕪撫
焦,鷦憔礁蕉樵
然,撚燃
熊,羆
熏,勳燻醺
燕,嚥讌臙
爪,抓笊爬
爭,淨箏崢錚靜諍
爰,暖湲媛緩援煖
爲,譌僞
爵,嚼
父,交斧釜爺
爻,欝駁學黌樊鷽覺爼爽爽爾爾
爾,彌禰璽邇濔
爿,臧臧妝壯寢寤寐牀牆將
片,版牘牒牌牋
牙,芽邪訝鴉谺穿呀雅冴
牛,牡犢牴牢犠牾牧牲牽犧件物犖犂犀犁牝犒特牟告犇犇犇吽解制
牟,桙眸鉾鴾
物,惣
犀,遲穉
犬,獣魃魃獻髮厭祓祓倏伏秡秡憖拔飆然状猷献跋跋獎默闃吠哭黙獄獸黻黻
狂,誑
狄,逖荻
猪,潴
猶,蕕
獄,嶽
玄,絃茲茲弦牽舷鉉眩呟衒率痃畜
率,蟀
玉,壬閠国宝璧璽瑩王
王,玉珈琅抂汪理聖球瑳瑾瑪斑斑瑤瑰呈瑙璢鬥鬥瑠瑯珱瑶現瑣玲皇珮狂環瑞班班璋珠弄瑟瑟瓊璞璃枉珥瑛瑕珸瑁瑜碧瑚瓏主匡珞珪琥玻珀琿玩琲珎閏對珂聽珍琳玖瓔玲琺望琶琶珊琢玳旺琴琴全琵琵琉
瓜,柧弧呱瓠觚孤瓣狐瓢
瓦,瓲瓰瓱瓩瓶瓷甓甄甌甅甑甕甍甃甎瓧瓸瓮
甘,柑某嵌蚶酣篏其甞紺甜拑邯甚鉗疳坩
甚,勘尠堪椹斟戡糂碪湛鍖
甜,憇
生,徃旌姓笙牲性甦星甥産隆
産,薩
用,糒備鼡庸甬甫鞴
甫,逋哺愽溥鯆脯輔賻捕圃膊匍浦傅埔舗餔搏舖榑補鋪尃黼
甬,桶通誦踊鯒蛹涌痛俑
田,畤異畫留略獣罍雷橿橿魚畳畧番彊彊畦毘疉畭當畢畷緇僵僵胃輜畉畴畠累鯔匐鴫甸鬼璢塁果細苗薑薑錙甲曽申蝠櫑由由嚏嚔儡甼笛笛佃町澑男思疆疆畑界畸畋畐畄疊疇盧卑畆畝壘畊鈿奮畚冨畍獸輻畏畛畔逼沺畜畩疂
由,廸油娉胄寅柚釉抽蚰舳鼬紬届軸画岫恵聘迪専冑騁宙袖
甲,押單單単閘呷胛狎匣岬鴨
申,伸抻神坤呻紳暢
男,虜嬲舅勇甥娚
畀,鼻
界,堺
畏,隈猥
畐,福富幅副
留,鰡餾籀瑠榴霤溜瘤
畜,蓄
畢,篳蹕
番,蟠飜鐇旛膰蕃潘鷭翻審燔幡繙旙播
畫,劃
異,糞翼冀
當,襠礑鐺蟷
疋,定従蛋旋胥是楚嚏疑疏疎
疏,蔬
疑,嶷擬礙癡凝
疒,疫疸疥疹瘟瘋瘁疣瘍癬痿痘痰痙癘癰癲痾痳痲癪癧痺癢癈痼痩痴癡癌癇痒痞癒癆療癖痣痢癩癜痔痛痕癨瘧疝疽疲症疳痊疾瘤瘰病疱瘉瘡疔疼疵瘴瘠瘻瘢疚痃痍痂
疾,嫉
癶,発登發癸
癸,揆葵
発,廃溌醗
登,燈嶝橙證澄磴鐙
發,廢癈撥
白,拍泉百舶樂習皇邀泊原迫伯兜
百,竡佰憂弼粨栢戞陌瓸貊
皀,廐曁廏梍
皃,貌
皆,楷階偕諧揩
皇,鰉徨篁鍠凰蝗隍惶遑湟煌
皐,槹
皮,破被坡皹皸皰陂波皴皺皷簸玻疲鞁頗彼跛披
皿,褞鰮瘟醯饂孟醢謐蘯慍温媼盈膃塩益盆蠱鹽榲盂盍盃盟盤鰛盥盞盪盧葢盒盖監盗盡盜血盛
盈,楹
益,謚溢鷁隘鎰縊
盍,蓋溘闔
盡,贐壗燼儘
監,藍襤籃儖鑑繿艦濫檻
盧,廬爐臚轤櫨鱸鑪顱驢蘆艫瀘
目,睦瞹瞬瞥自盲睥睫睿盾具睡瞭直盻算瞠督県眸看眄眞眇苜眛省眩眤眥見泪眦夐眷眺鼎眉眼矚眠眈相闃瞋瞿瞿睇瞰瞑冒瞞矇瞳睹瞽瞶着睨睛瞎瞼貝瞻睚
直,植稙悳埴殖矗矗矗値置
相,箱湘霜廂想
盾,楯遁循
眇,渺緲
眉,嵋媚
県,縣
眞,愼鷆鎭嗔塡槇瞋
真,鎮槙鷏慎顛填
睘,還環
睿,叡濬
瞿,衢懼矍
矍,攫钁
矛,務袤橘柔鶩鷸楙懋譎矜茅
矢,肄雉矩笶侯族矧知矯医短矮矣疾候疑
矣,欸竢挨俟埃
知,聟蜘踟痴椥智
石,鮖砠磚破宕磯砺磔砧磐磑磬砲砦砿磧砥磁碵碼碩碕碁岩碍蠹碗碚碎確碾磊磊磊碇碓礫矼礬礙碆磆硅磋拓礪礦碌碑磅硝碯礎鉐蠧斫硯碣硴礁硼硬礑碧硫碪硲礒礇研柘砕磴磨妬砂砒跖磽砌
示,宗祁祕祀票尉蒜蒜禁禀祗祚祓祇禰禳祟禊禝頴隸隷祠禮款祺祭奈禦禧祿禪
礻,禍禎祖福神禄禅祝祐礼社視祈祉祷祢祥
神,鰰榊
票,漂嫖鰾飄剽驃飃慓標縹瓢
祭,蔡察際
禀,凛
禁,噤襟
禸,禺黐离漓魑禽璃禹
禹,属齲
禺,藕嵎萬寓偶遇隅愚
离,離
禽,擒檎
禾,稾酥龝稲稽稘稿私乘乘秀稱稙稼利秋禿稈稻稠種稷穐秕秡菌秣穆穂積秧秒秦麕穎穗穃穩租秤科秬黍穏委穀移秩犂穰穫穣蘇蘓穢和称秘剩穉穡箘香秉秉季稟程稀稔稜稗稚税稍
禿,頽
秀,誘透銹莠綉
秋,鍬啾鞦湫甃萩楸愁愀鰍
科,蝌萪
秦,蓁榛臻
稜,薐
稟,懍凜廩
積,癪
穴,竇竊窓窒穹窰竄窿窟窄鴪竅窩突窕窶窖窃窗竃窺窪穿穽邊窘竈窯空窈邃究窮
空,箜椌腔控倥啌
窄,搾
窒,膣
立,妾童竓竪竝竝竦竒竭竢蒟部倍竣翌竚翊竡竕龍端新柆親粒碚笠陪竏竍旁音賠毅苙泣剖培焙颯殕産辛位站靖拉竰彦商競競菩
竒,嵜
竜,篭滝槞
竟,竸竸境鏡
章,嶂樟鱆璋障彰瘴
童,撞橦艟潼幢憧瞳鐘僮
竹,筌篆筅筑箝箆箒箇筐篇筋簫簿簽筝箱筒篌筆箋箟篋範簧簾簪簣簷篏節箴箔箏箜箕筍篁策答筏算箍簡篥符笳篤籌篦笙第笥篝笘籐籟籀籔籏笠笈笵篭籃篠笶籍籖笊笞笆籘籤笋篳笄笑笹籥籬篶篷笏笨笛籠笂篩簟簸箪筰筱筥筬簑竿簇簓箸筧箘箙竺簍管筮筺簗筵箭等筈筴簀簔
筑,築
答,箚箚
筮,噬
算,纂簒
箭,擶
節,櫛
米,糒鞠糞糧彝糟糯糠糜彜迷糖糢類隣糅鱗粱屎菊粐粋粟粲粽粒麟麋糊精粳歯糎粃粗粍粂糂渊粨糀粛憐粁粕料粤籾粫粘来粹粥鄰粧麹数粭籵粢掬粮断燐粡粉氣奥椈糲釆糘糴糶継
粛,繍
粥,鬻
粲,燦
糸,絎綴総絃綻綛綏縮縺縷縢綜終絖綵欒欒絏絛絨綺続縻彝縡縵縉絅綽絹経網縱臠臠彎彎縫經緇絋緊結組綾攣攣絆綱縦縲總績綟綰絞綿緋累線素巒巒織纎纃纖纂繕繁繩紡紵紮締紺緯繚繃纏纔纜繖繍索緡緕紲緬緑轡轡繆繝續纐繊繞辮緤紳緝紬紙緒鑾鑾繹纒纓繋紘紫紿緞細戀戀紜紕繼繻紀純紛納紂緩繭纉纈紗緻編級練變變緘紊繧繪蠻蠻蘊繽繦紆紐約紋繰繿繙紹緲紅絶絢糾綉鸞鸞絣綯絮綢絡絵維縁縛綮綣縄縟縋縹縅統系絳綸綫縊縞縒継絽給糺絲絲綬
系,縣鯀緜係孫
約,葯
累,騾縲螺瘰
絜,潔
絹,羂
維,羅
縁,櫞
縢,籘
縣,懸纛
縵,蘰
缶,罍罎鷂罐淘罌罅缺窰瑤遙遥掏陶鬱瑶萄缸搖綯謠徭
罒,罩罕羂壞擇羃罔罨欝堽詈懐羅罟罸羇鰥鐸罹圜薨驛譯壊憲夢澤繹甍懌賣鬟曼寰楞罠買懷罵置罷羈釋爵鐶聽蜀署罪罧蔑聴罘罫罰
罔,魍網惘
署,薯曙
罷,羆擺
羅,鑼蘿邏
羊,羶美羚義羔羨様洋羌羞詳羝羲業翔譱羚佯姜差養痒遅樣達庠叢羣鮮觧羯盖着漾善群羸祥恙
美,躾羹
羔,窯羮羹
義,犠儀議礒嶬蟻艤
羲,曦犧
羽,醪翁摎廖翅翌翊扇挧翆翡翕翔翠栩戮戳繆擢曜翦習寥樛燿翹翻榻蓼翩翼鏐搨耀翳膠翰濯躍櫂糴糶勠謬
翁,鶲蓊
習,翫慴摺褶
翕,歙
翰,瀚
老,姥蛯耆耄耋咾
耂,孝者老考
考,拷栲
者,暑都煮著堵豬楮渚赭緒賭屠諸猪偖覩闍箸睹署奢
耆,蓍鰭嗜
而,揣喘需粫猯瑞惴耐湍
耑,端
耒,藕耙耘耡籍藉耜耕耨耗誄
耳,聹聟聒聆揖輒聊聞聖聨耽耿楫耻緝弭耶聆餌珥取敢聰聘聳聾葺茸聽聲聶聶聶聢職鵈聡輯聴恥聯
耶,爺揶椰
聖,蟶
聚,驟
聴,廰
聶,摂躡鑷顳囁攝懾
聽,廳
聿,肆晝畫肇肅肅筆律肄書粛津建盡
肅,簫蕭嘯
肉,臠腐
肋,筋
肖,梢峭哨宵逍悄鞘趙消屑蛸霄硝削銷誚鮹稍
肙,絹
育,轍徹撤
肴,淆
胃,謂膚蝟渭喟
胡,餬糊蝴楜瑚湖醐葫
胥,婿壻
能,態罷熊
脊,鶺蹐瘠
臣,臧熈竪臥緊姫覧腎覽賢鹽鑒堅豎臨監宦
臧,贓藏
自,首臭寡鼻邉戛邊夏息
臭,嗅
至,輊鵄垤蛭窒姪屋咥耋桎到室臻致臺
致,緻
臺,擡薹
臼,蹈插稻陷鼡餡鼠舅韜叟舊滔舂舁歃毀輿輿輿啗閻兒諂冩
臾,諛萸腴
舄,寫潟
與,嶼擧譽舉歟
舌,濶聒乱話憩甜括蛞舐辞銛舍活刮筈恬
舍,舘舒舖
舎,捨
舛,隣鱗麟憐鄰舞燐舜桀桝
舜,瞬蕣
舟,艇艝艟艀艨艚舫般舳航舶舷舮舵船舸舩艦艪艙艫艘艤艢
般,磐搬槃盤瘢
艮,垠恨即既退郷墾懇根銀限眼痕狠跟齦艱爵良很
良,狼琅娘莨浪郎粮踉朖朗
色,絶艷艶
艸,芻芻
艹,芋芟蔡蔵糒蒂蓍菫菟葩葛茲苅花藜芳蔭藕蒜蒼茘茫菓蓁葎著茱蒻蒔蔣芽芝權芒芍藤藐蒋蒟蒄蒐菖茉蓄蒿茵蓋茴葆茯蔦藹蔽藥罐蔘藪茶蓊嘆菜茣華蒲葹菠蓆獲藝蔬備護薜驩苞薩苓苧莓莇莞莊菊荐萢荅莽蕚苦蕎苒藏蕗蕃薨薛薔薀苫蕕藍苟蕁蕩鑵莟萵蓖荊萼菅莱荒蓮菌萠蓚莅蘭蘢苑蕨若薺蕀苹薗薊薇苡蕋苜莵菁萱莨萬苛苔歡夢薄薐蕊讙蠖甍莖萪蓐荀蓬菎蓑荏落莎莚蘰蘿蠎苣苗薑薈蕣薯蕷萃蓴萎荘萍韮蓼莪蕭苳藉穫苙薮蕈英繭蘂萩荳莫蘚舊蕉顴薦苴苻蘊蘇蘓萌莠荷萄灌萋萸莉蘆薪蕘薙苺薹薬觀蘋荻蓙萇蓿荵萓荼草莢薫蕾薤蕪歎芙藺蔀芹芬蔔藷芥茆葯菱菰葉葡鞴蒭菘葵勸艾蔕芫芸蔗藻芦蔚茅董菽葷茹葮菲葺蒡茸葭茄蓉葢漢藩難蔆蒙菷茨葦蒹蒸茜鸛芭蔓蔑芯茎菴葬葱茗范菻茂菩茖葫懽藾蔟
芒,鋩
花,椛糀埖硴錵
芳,餝錺
芻,鄒趨皺蒭雛
苗,描錨猫
苛,渮
苟,敬
若,惹諾匿
英,暎瑛霙
茲,孳
荅,剳塔搭鞳
荒,慌
莧,寛
莫,謨摸貘糢驀墓慕寞蟆膜蟇幕模漠募獏暮
莽,蟒
菐,撲僕
菫,勤
華,曄嘩譁樺
萃,膵
萬,勵癘邁
著,墸躇
葛,臈
蒙,朦檬艨曚濛矇
蒿,藁嚆
蔑,韈襪
蔵,臓
蕩,蘯
蕭,瀟
薛,蘖
薜,蘗
藏,臟
藝,囈
藺,躪
虍,虚虎虔虜處獻虐虞罅遽膚據戲慮盧醵虧
虎,號遞鯱琥褫彪
虐,謔瘧
虚,墟戯歔嘘
號,饕
虫,蟯蜷蟠蚩蚕蜴蜻蜈蛎蚶蛍蜉蟒蜥虹蛆蛇蚓蚊蜘蜿蟹蚌蛋蚰蛄蚋蟐螺蝨蝨蛮蛭蝕融螂蝗螻蟀蝎蛛蛯蛔掻蠑蠅蠹蠹蠕蛬蛹蛸蛟蛤蠏蝓蟋蟄螟蝌蟆螽螽蠖蠍強蛞蠎蟇蝟蝸蝋螳風蝉螢蠧蠧蝴蝠蝶繭蛩蛻蝮蝣螯蝪螫蠻蛙蠡蠡蝦蝿蠣蛾蠢蠢蠶蠶蝙触蜂蜍蛉蚯蜚蜃蟻雖蜜蜩蟶蚣虻蟷蜀蟾蚪禹虱蜑蟲蟲蟲騒蜊蚤蚫独蜒蜆
蚤,騷
蚩,嗤
蜀,髑濁燭屬躅獨觸
蜜,櫁
蟲,蠱
血,睾衄衆洫衂恤
行,鵆鵆絎衙衙衢衢哘衡衡銜銜桁衝衝衒衒術術裄衞衞垳街街衍衍衛衛
衍,愆
衣,衰衰壞壞袤袤衾褒褒懐袈衷衷喪裘嚢嚢襲裳壊製裴裹裹哀哀裟襞依裝襄襄襃襃裔袞懷懷装袋袰裏裏袁裁褻褻表畩裂
衤,褸褄褐衿衫初褌褞褊褓複被袙衲衽褝褂衵袢袮襪裙襦襤裾裲襯襠襴襭裼裨襷裸襌襟襁裕裡補襍襖褥袒褫袱袿裄褪袴袵褶裃袷袗袍袂袖
表,俵
衰,蓑榱簑簔
袁,園遠轅猿
袞,滾
裁,纎戴截殱
襄,攘孃壤醸禳壌嬢譲穰穣讓曩驤釀
襾,票価覈覊覃
西,湮晒堙賈煙洒迺酉酉襾栖栗粟甄遷僊覆哂覇樮要茜廼
要,腰
覃,鐔潭譚蕈簟
見,靦覘覬覧親覦覡現覯覿硯覲覽覓観覺覗覚視觀規覩筧俔蜆
規,槻窺
覚,撹
親,襯
覺,攪
覽,攬欖纜
觀,欟
角,桷觴斛触觝觧鵤觸觜埆觚解
觜,嘴
解,蟹蠏懈邂廨
言,謨講謀謔誡詭詢誉詣詮誠謁謚謎欒謗詼読詠誣詈謂謖謝簷詰詫臠彎誦詬話攣謇謌謹詳誤誘鞫贍誥試説誹該謐謄護巒諺諷訛譯譴訂訖膽憺託訃討證譱譱譬訓訊訝諱譫譫識議警譲譽讙鑾訐諾訟諳擔澹訌辯譖戀計註諮訴諚諭論諢証讀譚譎譜譁讖診諠諛訣訶諜諡設讃燮讎讚譏譛譟讓變蠻諤訪諸諫訳讒譌讐許訥諦諒記諧諞讌謡鸞諏誨這誕檐誼謠詛詔誚誂認諍評詁諂詩謳謾蟾詑課語誓誇談詐獄信謦謫諌詒詆誑誅誌瞻誄誰諄詞調請謙謬罰
討,罸
許,滸
諸,儲藷
謁,藹靄
谷,卻峪浴谺谿硲裕豁郤逧欲容俗
豆,豈壹頭廚逗痘戲登闘鬪鼓荳短豎豊彭厨豐豌
豈,鎧磑凱覬剴榿皚
豊,體鱧禮軆醴艶
豐,艷
豕,逐象家豢彖豪豬冢遽據毅隊遂燹燹豚溷醵蒙琢啄
豚,遯
象,橡豫像
豪,壕濠
豬,瀦
豸,豼豺貉貘墾懇貍貂貎貔貌貅貊豹
貌,藐
貍,霾
貝,貮贇貭贓贊貢負贅賈貯贐贄財贋責贔贔贔贏貸貫狽齎贍貧贖貪罌罌賻購賺唄賽嬰嬰屓瑣敗賜賛賠寶賢賭賚賣則戝寳賞質賓賦賤賑賂貶賍賎買賃賁販貼費貨賀貴員鵙貿貰賄贈鎖賊資貳貞貲貽頁
貞,禎碵遉偵幀
貢,熕槓
貫,樌實慣
責,嘖磧績積債蹟勣漬簀
貳,膩
貴,饋簣潰遺匱瞶
賁,噴墳濆憤
賈,價
賓,濱鬢殯擯嬪繽檳
賛,鑚纉讃攅
賞,償
賣,贖竇犢續牘覿讀黷
賤,濺
質,躓
贈,囎
贊,鑽讚
赤,赫赫赦赧赭
赦,螫
赫,嚇
走,徒跿赱趙赳起赴趣越超趁趨
足,蹲躙跿蹙跳蹤躪蹴蹠蹈蹉蹼蹣跨践跼躡蹶踐踟踝踊踞踏踰趾捉踪跋跌促跏踵踉跂趺踈踴蹊蹇躋躄跫跟躑躅蹟蹐蹄躊躓躇跪距齪蹌蹕躍跖跣跚蹂躁跡跛路躔
路,蕗露鷺
身,躬軈躯躰軅躱躾軆射
躬,窮
車,輟輸輅輹輌輊輓輒範較輕輩輜撃輛輔軽軾陣轤軻轡轉軼轢繋轣斬轆軒軫軸軟庫轌轅轄轟轟轟轜軛転轗轎轍軣軋輙輿軌俥輦輳輾輪軍連輻輯載
軍,褌揮輝皹皸諢運渾鶤琿葷暉暈
載,鐵鐡
轉,囀
辛,宰薛辧辧辭辣辮辮辯辯辟辞辨辨辜瓣瓣梓
辟,僻薜甓璧避譬臂劈壁霹嬖擘襞闢癖躄檗
辰,振娠脣晨震唇辱農賑蜃宸
辱,蓐耨褥縟溽
農,膿儂濃
辶,逹逑逅逋逞髓逗逎逍逖迴逕迺遽遲遙遘遯遉遡遶邉膸遞遒辿迄邊邇遐遑隨辷邂遁遜遨遏迂辻邁遖邏邀迦這暹迥迹逾逧迸迯逢逶迚逵逡逼迢
迷,謎
追,槌鎚縋
退,腿褪
送,鎹
通,樋
造,慥
逢,縫蓬篷
連,縺鏈蓮嗹漣
逮,靆
遂,隧燧邃
道,導
達,撻燵闥韃
遣,譴鑓
遷,韆
邑,悒癰廱扈
那,梛娜
郎,廊螂瑯榔
部,蔀
郭,廓槨
郷,饗嚮響
鄭,擲躑
酉,酬酥醪酘酲酳醸醫酪醤醯酷酣逎酢醉醢酵醇酋酸酌醒醋醐酊酒醜酖釁配醵酎醴釀醂醍酩酔醺醗
酋,楢遒猷猶尊奠鰌
釆,番釈釉竊釋悉奧
采,綵彩菜採
里,厘黑童黒哩理廛浬釐裡貍鯉裏量重埋俚狸野
重,鍾種腫踵薫衝董動
野,墅
量,糧
金,鍾鈞鐔鎬鎹鎧鋳鈑鋲鐃鍬鐚鍵鐓鎭鐇鍼鈕鈩鈔鋺鍠鎮鐐鐸鋼鋩鈍鈎鍮鏈鑢錐鉤鉱鑷釘釿鑼鏘鑵銘鉾銹鉦鑠錆劉鑰鑿鉢錚鏨釶鑪鑾銭鉉鉈錨鑽錏釵釼釟錬錙鑚鏝崟鉅鉄鉐鉋銓錘錫钁釧鏥鑛鏑録錦銅銑鉞鑁鏐鏤針釦鈴釖鑑錣錺錮銀銛鉗鋏鉚銜銕鏡錢鑄釣釜釡錠鑒鏗錯錻銃銚鉛銷銖鑞鏖錵鑓釛鎌鋸鋤鐵鐡鎰鐺鋒鈬鋪鈿鍄鐶鍋欽鎗鎚鍔鍛鏃鈴淦鋭鍜鎖鎔鐙鈷鍍鐘鐫鍖
長,肆帳悵套髟張萇脹
門,躙們濶関閭閣悶閉閠聞椚閘閤閥閹閙閧闘闔關闕闡闢闖闥捫問閃闃闍閂閖閏閔閨閻閼閑闌開閲闇閾闊閊閇間
閏,潤
閑,嫻
間,簡繝墹癇澗燗嫺
閔,憫
閣,擱
閭,櫚
闌,欄爛蘭襴瀾
阜,埠
阿,婀痾
陏,随随堕
陰,蔭
隆,嶐窿
隊,墜
隋,橢隨隨墮
隶,隸康隷棣逮
隹,躙椎雙雙帷錐癰推霍雉碓戳擢曜権惟燿歓雍售雎雁隼唯観隻舊讎讎雀雀雋雄潅耀雅雌讐讐雇崔集焦雕雜瞿准暹廱雛離雖寉維濯堆進淮勧難奪奮騅躍櫂糴稚糶虧誰雑
隻,獲護蠖穫矍
隼,凖凖準準
隽,携
雁,贋膺應軅
集,襍
雇,顧
雉,薙
雋,儁鐫
雍,擁壅甕
雜,囃
離,籬
難,攤灘儺
雨,電雩雷靈零雲雰霏需霜霎霖霍霆霞霊霓震樗霑霹霸霄櫺霈零霧霪霾霽露霰霤霙靂雪靄雫雹
雪,艝膤轌鱈
雲,靉曇繧靆
零,澪
雷,擂蕾
需,臑糯懦儒襦嬬蠕繻轜濡孺
霍,癨
霜,孀
青,蜻情静倩猜鯖錆精菁清靖靜睛晴請
静,瀞
非,俳靠靡暃悲輩誹緋翡斐霏腓鯡排裴韭匪蜚琲菲徘扉罪
面,靤靦緬麺湎靨
革,鞠靺韈靭鞣靴鞭靼靱鞦靫羇鞫鞘霸覇覊鞜鞁鞨鞴鞏羈勒鞍韃鞳韆靹鞆鞐鞄鞋鞅
韋,緯圍幃諱偉韜違韓葦衛
韭,孅齏纖韲韮讖籤殲薤懺
音,竟竟暗黯章韶幟戠韻韵響諳意熾闇
頁,頤頰領頬頽頭頷頼頡頴頻須碩類顆顋題顕纐顔穎顏顛額顎囂顳顧顱顫願顯顴領項頑頌煩頸預頒順頓頚頗頃頂頏
頃,頴穎傾潁潁
須,鬚
預,蕷
頓,噸
領,嶺嶺
頡,襭纈
頻,瀕顰蘋
頼,獺籟嬾癩懶瀬藾
顛,巓癲
風,嵐瘋飄諷颱飆颶飃颪颯楓
飛,飜
食,饗饕餮養餐喰
飠,饐饋饌饅饑飫饒饂飯飢飭飮餾餽蝕餤餬餉餡餠餒餝餞餓餅餌館餔餃飽飲飾飴飼飩饉
養,瀁癢鱶
首,馗道馘
香,馨馥
馬,馳駆騷駄駅騫騰駁馼馴騙騾驕碼驩瑪駸駟駐駑篤驛驀驂驍駒駝驚驃驗駢駭駮驟駕駛媽驅駱駿駘駲闖覊驢驪驥駻隲驤驫驫驫騎罵騨騏羈騁騅駈騒馮馭験
馮,憑
骨,體髓鶻髑骼髀髏髄骰磆骭猾榾骸滑
高,稾鎬稿髞蒿亭亭嵩膏敲槁塙犒縞
髟,髯髭髢髣髮髪髦髫鬣鬢鬘鬚鬟鬆髻髴髷髱
鬥,鬮鬧鬪鬩鬨
鬯,鬱
鬲,獻融鬻隔膈
鬼,魔魏魁魃魎魍魂蒐愧魑魅魄塊餽瑰隗傀嵬醜槐魘
魏,巍
魚,鰯鰈鰻漁鮗鮃鮎鮖鰉鰡鰺鰮鮨鯏鮴鯀鰭鰲鮑鮟鰾鰥鯆衡鮒鮓鯊鰰鰤鱗鱚鯛鯔鯡鯣鯢鯖薊鯒鱸鱆鱒鯑鯤鱇鱶鯵鯨鱈鱠蘇蘓鯲鱧鯰鯱鰕鮭魯魴鮮鰛鰔鰍鯉鮠鰊鰓鮫鮹鰆鰒鰄鰐鮪鰹鰌
魯,櫓艪
鮮,癬蘚
鳥,鵆鵝嶌嶋鵞鷄鵑鷆鶲鶇鵄鵐鳬鶺鶚鵁鳫鵜鷂蔦鶴鶻鷏鶏鶩鷁鳧鴬鷦鴿鴫鷓鷹鴦鴪鴾鷸鷯鴣鴈鴻鷭鴉鴟烏鷲鷽鴇鴆鴒鷙樢鴃鴎鴕鷺鴛鴨鶸鶫鳶鶤島鸞鵲鳩鵤鵬鵙鳴鳰鵡梟鸛鵠鵯鵈鳳鶉鸚鶯鵺
鹵,滷鹹鹸
鹿,麒麝麓麑麌麟麋麕麁麗轆塵麈鏖漉
麗,灑驪儷
麥,麩麪麭
麦,麺麸麹
麻,魔縻嘛靡糜摩麾麿麼磨
黃,簧廣黌
黄,横
黍,黐黏黎
黎,藜
黑,黥黝點黠黔黯黜默熏黶黷黨
黒,黛墨黙黙
黨,儻
黹,黼黻
黽,繩蠅鼈鼇竈
鼓,鼕皷瞽
鼠,竄鼬
鼡,猟蝋
鼻,鼾嬶嚊
齊,齋齋齎齎齏齏纃薺儕臍韲擠劑霽躋濟
齒,齟齔齬齲齦齪齧齷齣齶齠齡
齧,囓
龍,朧壟龕竜襲蘢寵隴籠瓏聾瀧
龜,龝鬮
龠,鑰籥
𠂊,奐象魚負危龜簷争贍焔陷膽憺歿急餡麁譫陥擔澹夐成成色角沒檐啗閻久諂蟾免亀瞻
𠂢,脈派
𠂤,追阜
𠔉,券巻
𦥑,爨學黌興興興鷽與覺臾盥釁釁
𦰌,謹
𩙿,餘
